Lat GPS (deg),Long GPS (deg),Accelerometer Y (rad/s^2),Gyroscope X (rad/s),Gyroscope Z (rad/s),Steering Angle encoder(rad),Speed GPS (m/s),Time (ms),Time,flag,zero,zero,State Estimate X (m),State Estimate Y (m),State Estimate Psi (rad),State Estimate Roll (rad),State Estimate Rollrate (rad/s),State Estimate Delta (rad),State Estimate Velocity (m/s),Steerrate input (rad/s),Rollref,Closestpoint,Error1,Error2
0.0000000000,0.0000000000,-0.28963,-0.005349,-0.009369,0.001455,1,2983836,0,0,0,0,1331914.657041,6414572.179758,2.299237,-0.004113,-0.002661,0.001558,1,0,0.007938,1,0.048224,0.93317
0.0000000000,0.0000000000,-0.28963,-0.005349,-0.009369,0.001455,1,2983845,0,0,0,0,1331914.650379,6414572.187216,2.29925,-0.005133,-0.005531,0.001418,1,0,0.007941,1,0.056263,0.933184
0.0000000000,0.0000000000,-0.314764,0.000455,-0.004635,0.001455,1,2983885,0,0,0,0,1331914.637055,6414572.202132,2.299275,-0.006159,0.000325,0.001436,1,0,0.007945,1,0.064302,0.933196
0.0000000000,0.0000000000,-0.213034,0.00244,-0.005551,0.001455,1,2983906,0,0,0,0,1331914.623732,6414572.217047,2.299299,-0.006403,0.002395,0.001431,1,0,0.007951,1,0.08038,0.93322
0.0000000000,0.0000000000,-0.187901,0.013894,0.002543,0.001455,1,2983935,0,0,0,0,1331914.610407,6414572.231962,2.299324,-0.005649,0.013853,0.00146,1,0,0.007958,1,0.096458,0.933245
0.0000000000,0.0000000000,-0.311173,0.020613,0.00743,0.001455,1,2983966,0,0,0,0,1331914.597082,6414572.246877,2.299349,-0.006235,0.020474,0.00148,1,0,0.007964,1,0.112536,0.93327
0.0000000000,0.0000000000,-0.248939,0.024889,-0.005857,0.00146,1,2983976,0,0,0,0,1331914.590420,6414572.254334,2.299362,-0.006085,0.024859,0.001436,1,0,0.007968,1,0.120576,0.933283
0.0000000000,0.0000000000,-0.25971,0.027638,-0.003871,0.00146,1,2984006,0,0,0,0,1331914.577095,6414572.269249,2.299387,-0.006264,0.027548,0.001443,1,0,0.007974,1,0.136655,0.933308
0.0000000000,0.0000000000,-0.345881,0.017559,-0.026015,0.00146,1,2984015,0,0,0,0,1331914.570432,6414572.276706,2.299399,-0.007561,0.017292,0.001363,1,0,0.007977,1,0.144694,0.93332
0.0000000000,0.0000000000,0.056251,0.03955,0.000557,0.00146,1,2984056,0,0,0,0,1331914.557106,6414572.291620,2.299423,-0.003489,0.039683,0.001456,1,0,0.007984,1,0.160774,0.933344
0.0000000000,0.0000000000,-0.213034,0.03054,-0.010438,0.00146,1,2984086,0,0,0,0,1331914.543780,6414572.306533,2.299448,-0.004492,0.030452,0.001419,1,0,0.007991,1,0.176853,0.933369
0.0000000000,0.0000000000,-0.21064,0.032372,-0.010896,0.00146,1,2984136,0,0,0,0,1331914.530454,6414572.321447,2.299472,-0.004585,0.032287,0.001417,1,0,-0.007614,2,-0.160834,0.933393
0.0000000000,0.0000000000,-0.238167,0.02718,-0.017005,0.00146,1,2984166,0,0,0,0,1331914.517127,6414572.336360,2.299496,-0.005379,0.02709,0.001395,1,0,-0.017822,2,-0.144754,0.933418
0.0000000000,0.0000000000,-1.549882,-0.036197,-0.044036,0.00146,1,2984176,0,0,0,0,1331914.510463,6414572.343816,2.299508,-0.016098,-0.038053,0.001309,1,0,-0.021026,2,-0.136714,0.93343
1.0068368472,0.2090620741,6.878125,-0.055745,-0.001275,0.001512,1,2984196,0,0,0,0,1331914.497137,6414572.358729,2.299531,0.041995,-0.050387,0.001433,1,0,-0.027188,2,-0.120634,0.933453
1.0068368472,0.2090620741,-6.37546,0.052073,-0.420176,0.001563,1,2984226,0,0,0,0,1331914.483813,6414572.373645,2.299545,-0.012734,0.046471,0.000101,1,0,-0.035904,2,-0.104553,0.933477
1.0068368472,0.2090620741,-1.511584,-0.312156,-0.016241,0.002874,1,2984256,0,0,0,0,1331914.470489,6414572.388560,2.299559,-0.048494,-0.31234,0.002811,1,0,-0.044084,2,-0.088479,0.933479
1.0068368472,0.2090620741,10.14305,0.075133,0.038431,0.003558,1,2984266,0,0,0,0,1331914.463821,6414572.396012,2.299584,0.028174,0.088809,0.003574,1,0,-0.046704,2,-0.080437,0.933493
1.0068368472,0.2090620741,4.635284,0.197611,0.105779,0.004617,1,2984296,0,0,0,0,1331914.450476,6414572.410909,2.299652,0.069827,0.200221,0.004388,1,0,-0.054277,2,-0.064347,0.933548
1.0068368472,0.2090620741,1.619297,-0.065671,0.033544,0.005075,1,2984306,0,0,0,0,1331914.443802,6414572.418356,2.29969,0.050551,-0.068694,0.00472,1,0,-0.056707,2,-0.056299,0.933585
1.0068368472,0.2090620741,-2.056137,-0.080485,-0.050908,0.008062,1,2984336,0,0,0,0,1331914.430450,6414572.433247,2.299772,0.020605,-0.082867,0.005688,1,0,-0.063741,2,-0.0402,0.933663
1.0068368472,0.2090620741,0.533782,0.015115,-0.011202,0.009111,1,2984346,0,0,0,0,1331914.423771,6414572.440689,2.299821,0.027218,0.016203,0.007997,1,0,-0.065998,2,-0.03215,0.933706
1.0068368472,0.2090620741,-0.134044,-0.002294,0.063782,0.011379,1,2984376,0,0,0,0,1331914.410390,6414572.455554,2.299974,0.013055,-0.025801,0.011227,1,0,-0.072526,2,-0.016038,0.933823
1.0068368472,0.2090620741,0.588835,0.003662,0.054161,0.011816,1,2984386,0,0,0,0,1331914.403692,6414572.462980,2.300071,0.016129,0.004201,0.011973,1,0,-0.074617,2,-0.007974,0.933908
1.0068368472,0.2090620741,0.374605,-0.011763,-0.023419,0.012916,1,2984416,0,0,0,0,1331914.390288,6414572.477823,2.30028,0.015408,-0.011972,0.01279,1,0,-0.080653,2,0.008164,0.934107
1.0068368472,0.2090620741,-0.453595,0.020613,-0.047701,0.013204,1,2984426,0,0,0,0,1331914.383582,6414572.485242,2.300389,0.013989,0.020263,0.012998,1,0,-0.082582,2,0.016236,0.934213
1.0068368472,0.2090620741,-0.773146,-0.007792,-0.014256,0.01323,1,2984456,0,0,0,0,1331914.370167,6414572.500076,2.300614,0.00285,-0.008568,0.013146,1,0,-0.084464,2,0.032385,0.934434
1.0068368472,0.2090620741,-0.303992,-0.058799,-0.006162,0.013204,1,2984466,0,0,0,0,1331914.363458,6414572.507491,2.300727,-0.002674,-0.059646,0.013143,1,0,-0.084464,2,0.040461,0.934548
1.0068368472,0.2090620741,-0.077793,-0.042306,-0.041134,0.012782,1,2984496,0,0,0,0,1331914.350038,6414572.522321,2.300951,-0.002417,-0.042324,0.012593,1,0,-0.084464,2,0.056615,0.934774
1.0068368472,0.2090620741,-0.104123,0.000913,-0.001428,0.012412,1,2984506,0,0,0,0,1331914.343328,6414572.529736,2.301059,0.00763,0.063909,0.012595,1,0,-0.084464,2,0.064692,0.934885
1.0068368472,0.2090620741,0.161571,-0.006418,0.012927,0.011363,1,2984536,0,0,0,0,1331914.329908,6414572.544565,2.30127,0.002106,-0.006399,0.011373,1,0,-0.084464,2,0.080847,0.935101
1.0068368472,0.2090620741,-0.479925,-0.009625,-0.022503,0.010345,1,2984566,0,0,0,0,1331914.316491,6414572.559398,2.301463,0.004642,0.053471,0.010329,1,0,-0.084464,2,0.097,0.935301
1.0068368472,0.2090620741,-0.435642,0.02214,-0.01502,0.009497,1,2984585,0,0,0,0,1331914.303079,6414572.574235,2.301635,-0.00153,0.022181,0.009417,1,0,-0.084464,2,0.11315,0.935485
1.0068368472,0.2090620741,0.137634,0.041535,-0.011507,0.009075,1,2984606,0,0,0,0,1331914.289670,6414572.589074,2.301795,0.001778,0.041619,0.009004,1,0,-0.084464,2,0.129297,0.93565
1.0068368472,0.2090620741,-0.424871,0.047644,-0.031208,0.009039,1,2984636,0,0,0,0,1331914.276260,6414572.603912,2.301948,-0.00093,0.047276,0.008902,1,0,-0.084464,2,0.145443,0.935805
1.0068368472,0.2090620741,-0.191491,0.027944,-0.022808,0.009039,1,2984646,0,0,0,0,1331914.269555,6414572.611331,2.302025,-0.002689,0.02759,0.008929,1,0,-0.084464,2,0.153516,0.935882
1.0068368472,0.2090620741,-0.353062,0.046575,-0.023114,0.009039,1,2984676,0,0,0,0,1331914.256142,6414572.626167,2.302178,-0.0031,0.046323,0.00893,1,0,-0.084464,2,0.169664,0.936035
1.0068368472,0.2090620741,0.106517,0.043673,-0.018227,0.009039,1,2984706,0,0,0,0,1331914.242727,6414572.641001,2.302331,-0.000948,0.043798,0.008943,1,0,-0.084464,3,0.002893,0.003067
1.0068368472,0.2090620741,0.542159,0.036954,-0.022808,0.009039,1,2984715,0,0,0,0,1331914.236018,6414572.648417,2.302408,0.001431,0.037345,0.008922,1,0,-0.084464,3,0.002961,0.003144
1.0068368472,0.2090620741,0.216624,0.057876,-0.010744,0.009039,1,2984746,0,0,0,0,1331914.222599,6414572.663247,2.302563,0.007334,0.066633,0.009071,1,0,-0.084464,3,0.003101,0.003297
1.0068368472,0.2090620741,0.216624,0.057876,-0.010744,0.009039,1,2984755,0,0,0,0,1331914.215889,6414572.670661,2.30264,0.007379,0.057794,0.008971,1,0,-0.084464,3,0.003173,0.003375
1.0068368472,0.2090620741,-0.166358,0.061847,0.000863,0.009039,1,2984786,0,0,0,0,1331914.202466,6414572.685488,2.302795,0.005704,0.06156,0.009018,1,0,-0.081854,3,0.003318,0.00353
1.0068368472,0.2090620741,1.130995,0.042604,-0.048159,0.009039,1,2984795,0,0,0,0,1331914.195754,6414572.692901,2.302872,0.009141,0.043208,0.008825,1,0,-0.077186,3,0.003392,0.003607
1.0068368472,0.2090620741,-0.314764,0.063068,0.011858,0.009039,1,2984826,0,0,0,0,1331914.175616,6414572.715137,2.303101,0.007281,0.062735,0.00906,1,0,-0.065347,3,0.003616,0.003837
1.0068368472,0.2090620741,0.070612,0.053447,-0.023724,0.009039,1,2984835,0,0,0,0,1331914.168901,6414572.722548,2.303179,0.006615,0.05324,0.008926,1,0,-0.061982,3,0.003692,0.003913
1.0068368472,0.2090620741,0.436839,0.085823,-0.023724,0.009039,1,2984866,0,0,0,0,1331914.155471,6414572.737368,2.303332,0.012129,0.085937,0.008923,1,0,-0.053213,3,0.003848,0.004068
1.0068368472,0.2090620741,0.160374,0.083532,-0.005857,0.009039,1,2984875,0,0,0,0,1331914.148755,6414572.744777,2.303408,0.012022,0.083367,0.008991,1,0,-0.05066,3,0.003927,0.004144
1.0068368472,0.2090620741,0.05266,0.0339,-0.009675,0.009049,1,2984906,0,0,0,0,1331914.135322,6414572.759594,2.303563,0.007557,0.033779,0.008987,1,0,-0.043888,3,0.004087,0.004298
1.0068368472,0.2090620741,0.311173,0.078187,0.045914,0.009091,1,2984945,0,0,0,0,1331914.121885,6414572.774408,2.303719,0.012389,0.078177,0.009229,1,0,-0.036504,3,0.00425,0.004452
1.0068368472,0.2090620741,-0.18431,0.09743,-0.01731,0.009738,1,2984976,0,0,0,0,1331914.108445,6414572.789220,2.303877,0.01419,0.064888,0.009765,1,0,-0.031917,3,0.004418,0.00461
1.0068368472,0.2090620741,-0.18431,0.09743,-0.01731,0.010129,1,2984985,0,0,0,0,1331914.101722,6414572.796623,2.303961,0.014779,0.097314,0.010041,1,0,-0.030537,3,0.004504,0.00469
1.0068368472,0.2090620741,-0.485909,0.097582,-0.014256,0.011404,1,2985016,0,0,0,0,1331914.088272,6414572.811425,2.304137,0.009255,0.096924,0.011325,1,0,-0.026782,3,0.004683,0.004859
1.0068368472,0.2090620741,1.011313,0.093306,0.06027,0.011744,1,2985025,0,0,0,0,1331914.081543,6414572.818822,2.304234,0.013232,0.093899,0.011918,1,0,-0.025646,3,0.004776,0.00495
1.0068368472,0.2090620741,0.384179,0.10644,0.050954,0.012289,1,2985055,0,0,0,0,1331914.068077,6414572.833610,2.304441,0.016063,0.106418,0.012436,1,0,-0.02254,3,0.004975,0.005149
1.0068368472,0.2090620741,0.62474,0.16997,0.00911,0.012227,1,2985086,0,0,0,0,1331914.054607,6414572.848394,2.304653,0.024294,0.169965,0.012221,1,0,-0.019834,3,0.005184,0.00536
1.0068368472,0.2090620741,2.465449,0.15592,0.04622,0.012227,1,2985116,0,0,0,0,1331914.041134,6414572.863176,2.304861,0.014112,0.053997,0.012078,1,0,-0.017466,3,0.005504,0.005674
1.0068368472,0.2090620741,1.543898,0.147368,-0.012271,0.012212,1,2985155,0,0,0,0,1331914.027659,6414572.877955,2.305071,0.035197,0.147828,0.01212,1,0,-0.014761,3,0.005612,0.005778
1.0068368472,0.2090620741,1.819166,0.067497,0.026825,0.012371,1,2985186,0,0,0,0,1331914.014180,6414572.892731,2.30528,0.038997,0.068268,0.012419,1,0,-0.013016,3,0.005832,0.005987
1.0068370013,0.2090619344,1.66358,0.129042,-0.007689,0.012489,1,2985196,0,26,0,0,1331914.007438,6414572.900117,2.305387,0.036095,0.054674,0.012317,1,0,-0.012482,3,0.005945,0.006093
1.0068370013,0.2090619344,-0.171145,0.100484,-0.012271,0.012937,1,2985236,0,26,0,0,1331913.993953,6414572.914887,2.3056,0.038225,0.099035,0.012864,1,0,-0.010561,3,0.006173,0.006305
1.0068370013,0.2090619344,-1.40387,0.020613,0.07096,0.012957,1,2985256,0,26,0,0,1331913.980461,6414572.929652,2.305824,0.014181,0.018995,0.013195,1,0,-0.009715,3,0.006408,0.006523
1.0068370013,0.2090619344,0.28245,0.05528,-0.03304,0.012957,1,2985286,0,26,0,0,1331913.966966,6414572.944413,2.306047,0.016484,0.055147,0.012798,1,0,-0.008571,3,0.006652,0.00675
1.0068370013,0.2090619344,1.040037,0.027791,0.033086,0.012577,1,2985326,0,26,0,0,1331913.960218,6414572.951793,2.306157,0.014592,0.000507,0.013136,1,0,-0.007255,3,0.006898,0.006969
1.0068370013,0.2090619344,1.846693,-0.021995,-0.034109,0.010633,1,2985366,0,26,0,0,1331913.939970,6414572.973929,2.306483,0.022871,-0.021164,0.010978,1,0,-0.006139,4,0.007503,0.007191
1.0068370013,0.2090619344,1.683926,-0.046735,-0.07183,0.009975,1,2985386,0,26,0,0,1331913.926480,6414572.988695,2.306666,0.029484,-0.045878,0.009932,1,0,-0.005646,4,0.007747,0.00739
1.0068370013,0.2090619344,1.014903,-0.070711,-0.073357,0.009029,1,2985416,0,26,0,0,1331913.912993,6414573.003464,2.306832,0.028791,-0.070459,0.00873,1,0,-0.004981,4,0.007982,0.007564
1.0068370013,0.2090619344,0.956259,-0.035739,-0.023724,0.008633,1,2985426,0,26,0,0,1331913.906252,6414573.010851,2.306907,0.031642,-0.035173,0.008517,1,0,-0.004776,4,0.008098,0.007645
1.0068370013,0.2090619344,-1.023281,0.010534,0.003154,0.008088,1,2985446,0,26,0,0,1331913.892770,6414573.025624,2.307052,0.019188,0.009126,0.008091,1,0,-0.004392,4,0.008325,0.007793
1.0068370013,0.2090619344,0.418887,-0.014512,-0.041287,0.007949,1,2985476,0,26,0,0,1331913.879289,6414573.040398,2.307188,0.016853,-0.01452,0.007774,1,0,-0.003872,4,0.008551,0.007934
1.0068370013,0.2090619344,-1.783262,-0.074071,-0.066332,0.008114,1,2985506,0,26,0,0,1331913.865807,6414573.055171,2.307321,-0.006175,-0.075562,0.007723,1,0,-0.003413,4,0.008777,0.008067
1.0068370013,0.2090619344,1.981934,-0.026576,0.040569,0.008263,1,2985516,0,26,0,0,1331913.859066,6414573.062557,2.307387,0.006281,-0.024253,0.008214,1,0,-0.003272,4,0.008891,0.008134
1.0068370013,0.2090619344,1.594164,0.016948,0.038126,0.009445,1,2985556,0,26,0,0,1331913.845578,6414573.077324,2.30753,0.020717,0.017926,0.008573,1,0,-0.002763,4,0.009122,0.00827
1.0068370013,0.2090619344,1.876614,0.005952,0.067142,0.011625,1,2985586,0,26,0,0,1331913.825332,6414573.099462,2.30777,0.015725,0.007661,0.010924,1,0,-0.002431,4,0.009485,0.008497
1.0068370013,0.2090619344,0.10173,-0.057119,-0.008453,0.012633,1,2985595,0,26,0,0,1331913.818577,6414573.106836,2.307864,0.009533,-0.058058,0.01156,1,0,-0.00233,4,0.009612,0.008583
1.0068370013,0.2090619344,1.833528,0.033289,0.079054,0.015559,1,2985625,0,26,0,0,1331913.805056,6414573.121574,2.308073,0.028427,0.034304,0.013893,1,0,-0.002048,4,0.00988,0.008776
1.0068370013,0.2090619344,1.965178,0.087961,0.08501,0.016932,1,2985656,0,26,0,0,1331913.784740,6414573.143649,2.308469,0.030838,0.099955,0.016958,1,0,-0.001798,4,0.010328,0.00914
1.0068370013,0.2090619344,1.965178,0.087961,0.08501,0.016839,1,2985665,0,26,0,0,1331913.777961,6414573.151001,2.308615,0.035896,0.088795,0.017175,1,0,-0.001721,4,0.01049,0.009282
1.0068370013,0.2090619344,0.685778,0.085212,0.089133,0.015466,1,2985696,0,26,0,0,1331913.764398,6414573.165700,2.308909,0.034988,0.085018,0.016856,1,0,-0.001509,4,0.010822,0.009574
1.0068370013,0.2090619344,0.025133,0.083685,0.125785,0.014628,1,2985705,0,26,0,0,1331913.757616,6414573.173049,2.309053,0.031706,0.082926,0.015884,1,0,-0.001444,4,0.010991,0.009721
1.0068370013,0.2090619344,0.061038,0.068108,0.120134,0.011656,1,2985736,0,26,0,0,1331913.744061,6414573.187755,2.30931,0.025622,0.067547,0.012063,1,0,-0.001264,4,0.011326,0.010002
1.0068370013,0.2090619344,-1.087909,-0.014817,-0.02067,0.010823,1,2985745,0,26,0,0,1331913.737291,6414573.195116,2.309414,0.012259,-0.017169,0.010731,1,0,-0.001208,4,0.011486,0.010123
1.0068370013,0.2090619344,-0.830593,-0.096367,-0.117492,0.009702,1,2985776,0,26,0,0,1331913.723759,6414573.209843,2.309594,0.014449,-0.003099,0.009739,1,0,-0.001056,4,0.011787,0.010318
1.0068370013,0.2090619344,0.347078,0.005342,-0.036858,0.009363,1,2985815,0,26,0,0,1331913.703466,6414573.231938,2.309837,0.004754,0.005955,0.009197,1,0,-0.000879,4,0.012223,0.010569
1.0068370013,0.2090619344,0.780327,-0.046124,-0.102373,0.008936,1,2985825,0,26,0,0,1331913.696701,6414573.239303,2.309916,0.003761,-0.046138,0.008528,1,0,-0.000839,4,0.012369,0.01065
1.0068370013,0.2090619344,-0.274072,-0.013901,-0.034109,0.006993,1,2985856,0,26,0,0,1331913.683175,6414573.254036,2.310059,0.002338,-0.014223,0.006851,1,0,-0.000729,4,0.012658,0.010802
1.0068370013,0.2090619344,-3.284074,-0.143251,-0.096876,0.00654,1,2985865,0,26,0,0,1331913.676416,6414573.261406,2.310118,-0.022229,-0.147412,0.0062,1,0,-0.000695,4,0.012801,0.010872
1.0068370013,0.2090619344,4.45217,-0.302534,-0.236611,0.006437,1,2985896,0,26,0,0,1331913.662903,6414573.276150,2.310218,0.005103,-0.298523,0.005505,1,0,-0.000602,4,0.013075,0.010984
1.0068370013,0.2090619344,2.120765,-0.004127,0.063018,0.006581,1,2985925,0,26,0,0,1331913.649388,6414573.290892,2.310322,0.038466,-0.003126,0.006776,1,0,-0.00052,5,0.013031,0.011078
1.0068370013,0.2090619344,-0.706124,-0.069948,-0.075648,0.008258,1,2985966,0,26,0,0,1331913.635866,6414573.305629,2.310438,0.005265,-0.070642,0.007515,1,0,-0.000425,5,0.01345,0.01125
1.0068370013,0.2090619344,3.542587,-0.232285,-0.178884,0.008875,1,2985996,0,26,0,0,1331913.622336,6414573.320358,2.310572,0.024301,-0.020585,0.008507,1,0,-0.000363,5,0.013595,0.011315
1.0068370013,0.2090619344,-2.980082,-0.032685,0.054619,0.008695,1,2986006,0,26,0,0,1331913.615568,6414573.327720,2.310645,0.020884,-0.232121,0.00816,1,0,-0.000344,5,0.013743,0.011384
1.0068370013,0.2090619344,-2.843644,-0.040779,0.023923,0.006725,1,2986036,0,26,0,0,1331913.602030,6414573.342442,2.310791,0.002861,-0.043619,0.006826,1,0,-0.000291,5,0.014042,0.011527
1.0068370013,0.2090619344,-0.132847,0.004425,-0.03472,0.005599,1,2986045,0,26,0,0,1331913.595266,6414573.349807,2.31085,0.005187,0.004776,0.006581,1,0,-0.000274,5,0.014195,0.011604
1.0068370013,0.2090619344,1.22315,-0.237172,-0.177815,0.00308,1,2986096,0,26,0,0,1331913.574992,6414573.371920,2.310966,-0.025212,-0.237909,0.002402,1,0,-0.000203,5,0.01462,0.011755
1.0068370013,0.2090619344,-1.68991,-0.094688,-0.061293,0.002895,1,2986106,0,26,0,0,1331913.568241,6414573.379297,2.310987,-0.021027,-0.093974,0.002676,1,0,-0.00019,5,0.014749,0.011779
1.0068370013,0.2090619344,-0.252529,-0.253971,-0.122685,0.000951,1,2986136,0,26,0,0,1331913.554737,6414573.394050,2.311027,-0.032113,-0.253431,0.000496,1,0,-0.000155,5,0.015007,0.011822
1.0068370013,0.2090619344,1.035249,-0.083081,-0.052588,0.000159,1,2986146,0,26,0,0,1331913.547991,6414573.401431,2.311031,-0.022378,-0.071657,-0.000086,1,0,-0.000144,5,0.015134,0.01184
1.0068370013,0.2090619344,-3.871713,-0.189983,-0.101304,-0.000879,1,2986176,0,26,0,0,1331913.527763,6414573.423586,2.311016,-0.016688,-0.213699,-0.00141,1,0,-0.000115,5,0.015602,0.011829
1.0068373329,0.2090616057,1.910125,-0.108737,-0.037469,-0.000843,1,2986186,0,49,0,0,1331913.521023,6414573.430973,2.311004,-0.031891,-0.192548,-0.001208,1,0,-0.000106,5,0.015714,0.011816
1.0068373329,0.2090616057,-1.120224,-0.146917,-0.11062,-0.000833,1,2986216,0,49,0,0,1331913.500801,6414573.453133,2.310974,-0.026601,-0.146528,-0.001227,1,0,-0.000082,5,0.015941,0.011797
1.0068373329,0.2090616057,-1.645628,-0.157149,-0.11566,-0.000761,1,2986225,0,49,0,0,1331913.494061,6414573.460520,2.310963,-0.032857,-0.158034,-0.001169,1,0,-0.000074,5,0.016053,0.011786
1.0068373329,0.2090616057,-1.810789,-0.060174,0.012469,0.001249,1,2986256,0,49,0,0,1331913.480578,6414573.475292,2.310949,-0.035934,-0.061009,-0.00043,1,0,-0.000053,5,0.016279,0.011766
1.0068373329,0.2090616057,-1.132192,-0.095298,-0.175524,0.00272,1,2986266,0,49,0,0,1331913.473835,6414573.482677,2.310946,-0.039866,-0.095821,0.000609,1,0,-0.000047,5,0.016394,0.011762
1.0068373329,0.2090616057,-3.693387,-0.045818,-0.108177,0.007111,1,2986296,0,49,0,0,1331913.460338,6414573.497436,2.310971,-0.059425,-0.047814,0.003975,1,0,-0.000029,5,0.01663,0.011763
1.0068373329,0.2090616057,-0.423674,0.010992,0.024839,0.007569,1,2986306,0,49,0,0,1331913.453581,6414573.504808,2.311005,-0.050357,0.01257,0.00717,1,0,-0.000023,5,0.016758,0.011784
1.0068373329,0.2090616057,-0.428462,-0.047651,-0.085116,0.006869,1,2986346,0,49,0,0,1331913.440046,6414573.519533,2.311128,-0.04721,-0.046914,0.007202,1,0,-0.000003,5,0.017042,0.011879
1.0068373329,0.2090616057,-0.037101,0.010076,-0.044188,0.005666,1,2986366,0,49,0,0,1331913.426513,6414573.534259,2.311244,-0.033749,0.010837,0.006217,1,0,0.000007,5,0.017341,0.012003
1.0068373329,0.2090616057,1.376343,-0.065519,-0.141927,0.003157,1,2986406,0,49,0,0,1331913.412984,6414573.548989,2.311342,-0.015358,-0.197736,0.004366,1,0,0.000024,5,0.017778,0.012154
1.0068373329,0.2090616057,1.749751,-0.046735,-0.095959,0.003131,1,2986436,0,49,0,0,1331913.392713,6414573.571104,2.311423,0.005032,-0.04452,0.002748,1,0,0.000035,5,0.018184,0.012236
1.0068373329,0.2090616057,0.349471,-0.084456,-0.130931,0.003131,1,2986446,0,49,0,0,1331913.385957,6414573.578476,2.311447,0.002571,-0.084691,0.002642,1,0,0.000038,5,0.018318,0.012259
1.0068373329,0.2090616057,0.479925,-0.241143,-0.115202,0.002838,1,2986496,0,49,0,0,1331913.372445,6414573.593222,2.31149,0.000645,-0.192272,0.002147,1,0,0.000052,5,0.018452,0.012282
1.0068373329,0.2090616057,0.05266,-0.20617,-0.066943,0.002468,1,2986506,0,49,0,0,1331913.365691,6414573.600596,2.311509,-0.002734,-0.241244,0.002035,1,0,0.000054,5,0.018585,0.012303
1.0068373329,0.2090616057,-1.186049,-0.326969,-0.062973,0.000951,1,2986536,0,49,0,0,1331913.352182,6414573.615345,2.311541,-0.003156,-0.206056,0.001728,1,0,0.000061,6,0.018539,0.012339
1.0068373329,0.2090616057,-1.186049,-0.326969,-0.062973,0.000859,1,2986546,0,49,0,0,1331913.345429,6414573.622720,2.311556,-0.01898,-0.329149,0.000728,1,0,0.000064,6,0.018669,0.012354
1.0068373329,0.2090616057,-1.17049,-0.2303,-0.134749,0.002879,1,2986577,0,49,0,0,1331913.331927,6414573.637475,2.311568,-0.012938,-0.286478,0.001011,1,0,0.000069,6,0.018927,0.012375
1.0068373329,0.2090616057,-1.17049,-0.2303,-0.134749,0.004201,1,2986586,0,49,0,0,1331913.325175,6414573.644851,2.311577,-0.014905,-0.23033,0.00239,1,0,0.000071,6,0.019054,0.012381
1.0068373329,0.2090616057,1.103468,-0.336438,-0.164529,0.009137,1,2986625,0,49,0,0,1331913.304878,6414573.666942,2.311716,-0.030898,-0.336843,0.008489,1,0,0.000078,6,0.019464,0.012458
1.0068373329,0.2090616057,-2.179409,-0.215792,-0.0842,0.011029,1,2986656,0,49,0,0,1331913.291324,6414573.681649,2.311864,-0.038701,-0.2169,0.009606,1,0,0.000084,6,0.019785,0.012601
1.0068373329,0.2090616057,-0.405722,-0.051316,0.158161,0.01123,1,2986666,0,49,0,0,1331913.284543,6414573.688999,2.311947,-0.025418,-0.048998,0.011567,1,0,0.000086,6,0.019948,0.012677
1.0068373329,0.2090616057,-0.293221,-0.109501,0.067905,0.011086,1,2986695,0,49,0,0,1331913.270967,6414573.703686,2.312144,-0.027644,-0.109106,0.011294,1,0,0.000091,6,0.020293,0.012858
1.0068373329,0.2090616057,2.719175,0.140496,0.261397,0.010535,1,2986756,0,49,0,0,1331913.250602,6414573.725715,2.31243,0.002637,0.14556,0.011642,1,0,0.000099,6,0.020825,0.013148
1.0068373329,0.2090616057,-2.83766,0.003814,0.04454,0.008607,1,2986786,0,49,0,0,1331913.237022,6414573.740398,2.312618,-0.02942,0.001906,0.008768,1,0,0.000103,6,0.021186,0.013343
1.0068373329,0.2090616057,1.721027,-0.076667,0.043318,0.0078,1,2986796,0,49,0,0,1331913.230238,6414573.747746,2.312694,-0.024344,-0.075455,0.007906,1,0,0.000105,6,0.021363,0.013431
1.0068373329,0.2090616057,3.702961,0.144924,0.317749,0.007039,1,2986826,0,49,0,0,1331913.209900,6414573.769799,2.312876,0.026594,0.151896,0.008136,1,0,0.000109,6,0.021868,0.013632
1.0068373329,0.2090616057,-0.05266,-0.154247,-0.016852,0.007039,1,2986835,0,49,0,0,1331913.203116,6414573.777146,2.312945,0.001526,-0.15817,0.006958,1,0,0.00011,6,0.022032,0.013688
1.0068373329,0.2090616057,0.688172,0.080478,0.145791,0.007049,1,2986866,0,49,0,0,1331913.189552,6414573.791844,2.31307,0.022084,0.080555,0.007556,1,0,0.000113,6,0.022371,0.013818
1.0068373329,0.2090616057,-3.804691,-0.014359,-0.067859,0.007147,1,2986876,0,49,0,0,1331913.182769,6414573.799192,2.313135,-0.004252,-0.135706,0.006599,1,0,0.000114,6,0.022541,0.013882
1.0068373329,0.2090616057,-2.171031,0.092543,0.043165,0.008139,1,2986906,0,49,0,0,1331913.169205,6414573.813890,2.313253,-0.012545,0.092181,0.008293,1,0,0.000117,6,0.02288,0.014004
1.0068373329,0.2090616057,-0.081384,0.092237,-0.007231,0.008448,1,2986916,0,49,0,0,1331913.162418,6414573.821234,2.313324,-0.010603,0.092422,0.008393,1,0,0.000118,6,0.02305,0.014065
1.0068373329,0.2090616057,-2.251218,-0.022911,-0.091531,0.00869,1,2986956,0,49,0,0,1331913.148842,6414573.835920,2.313468,-0.033875,-0.024166,0.008347,1,0,0.00012,6,0.023403,0.014209
1.0068373329,0.2090616057,-2.272761,0.188448,0.072945,0.008319,1,2986976,0,49,0,0,1331913.135263,6414573.850604,2.313615,-0.029642,0.187025,0.008577,1,0,0.000123,6,0.023759,0.014352
1.0068373329,0.2090616057,-0.483515,0.168137,-0.017463,0.007831,1,2987005,0,49,0,0,1331913.121683,6414573.865287,2.313757,-0.025403,0.168301,0.007742,1,0,0.000125,6,0.024121,0.014501
1.0068373329,0.2090616057,2.356539,0.223879,0.065309,0.007728,1,2987015,0,49,0,0,1331913.114894,6414573.872629,2.313823,-0.006378,0.226944,0.007912,1,0,0.000126,6,0.0243,0.01457
1.0068373329,0.2090616057,-2.522897,0.186769,-0.050908,0.00706,1,2987066,0,49,0,0,1331913.101315,6414573.887313,2.313955,-0.024893,0.185038,0.006875,1,0,0.000128,6,0.024659,0.014704
1.0068373329,0.2090616057,-1.209985,0.228155,-0.034873,0.007054,1,2987076,0,49,0,0,1331913.094527,6414573.894657,2.314014,-0.025349,0.082524,0.006123,1,0,0.000129,6,0.024838,0.014767
1.0068373329,0.2090616057,-0.533782,0.065359,-0.132306,0.006515,1,2987115,0,49,0,0,1331913.074164,6414573.916687,2.314184,-0.032459,0.063307,0.006011,1,0,0.000132,6,0.025367,0.014938
1.0068377460,0.2090612130,0.774343,0.149506,0.012011,0.008288,1,2987206,0,72,0,0,1331922.946544,6414567.373744,-0.462701,-0.013392,0.123826,0.008288,0.937971,0,-0.022062,6,-2.98274,-2.761952
1.0068377460,0.2090612130,0.774343,0.149506,0.012011,0.009168,1,2987216,0,72,0,0,1331922.954953,6414567.369588,-0.46263,-0.005372,0.150694,0.009172,0.939048,0,-0.022114,6,-2.986241,-2.761888
1.0068377460,0.2090612130,-1.608526,0.176995,0.005292,0.013728,1,2987286,0,72,0,0,1331922.971806,6414567.361276,-0.462464,0.002101,0.156856,0.010134,0.941146,0,-0.022265,6,-2.996794,-2.761651
1.0068377460,0.2090612130,-0.586442,0.208912,0.110208,0.01361,1,2987296,0,72,0,0,1331922.980248,6414567.357116,-0.462377,-0.002268,0.175827,0.013723,0.942168,0,-0.022265,6,-2.996794,-2.761651
1.0068377460,0.2090612130,2.02861,0.180813,0.115858,0.012937,1,2987335,0,72,0,0,1331922.997175,6414567.348812,-0.462139,0.008256,0.182171,0.013814,0.944159,0,-0.022361,6,-3.003874,-2.761447
1.0068377460,0.2090612130,0.840168,0.158669,0.041638,0.011811,1,2987366,0,72,0,0,1331923.014138,6414567.340492,-0.461908,0.006233,0.159492,0.012834,0.946081,0,-0.022501,6,-3.014549,-2.761096
1.0068377460,0.2090612130,0.064628,0.098957,-0.017463,0.011152,1,2987376,0,72,0,0,1331923.022631,6414567.336325,-0.461798,0.002664,0.098188,0.011054,0.947017,0,-0.022545,6,-3.018113,-2.760985
1.0068377460,0.2090612130,-0.381786,0.098193,-0.085422,0.009558,1,2987406,0,72,0,0,1331923.039639,6414567.327968,-0.461606,0.009226,0.142798,0.010747,0.948841,0,-0.02259,6,-3.021675,-2.760891
1.0068377460,0.2090612130,-0.381786,0.098193,-0.085422,0.009224,1,2987416,0,72,0,0,1331923.048155,6414567.323783,-0.461513,0.004398,0.097165,0.009224,0.949729,0,-0.022633,6,-3.025242,-2.760793
1.0068377460,0.2090612130,0.607985,0.016795,-0.13536,0.008324,1,2987446,0,72,0,0,1331923.065204,6414567.315389,-0.461362,0.004108,0.017277,0.0078,0.951459,-0.009974,-0.022718,6,-3.032378,-2.760622
1.0068377460,0.2090612130,-1.679138,0.014505,-0.042967,0.007522,1,2987476,0,72,0,0,1331923.082281,6414567.306974,-0.461228,-0.003142,0.01311,0.007459,0.95313,-0.004845,-0.022801,6,-3.039515,-2.760483
1.0068377460,0.2090612130,3.623971,-0.085677,-0.007995,0.007538,1,2987507,0,72,0,0,1331923.099387,6414567.298544,-0.4611,-0.005625,0.050885,0.007503,0.954743,-0.032292,-0.022881,6,-3.046663,-2.760352
1.0068377460,0.2090612130,0.742028,0.073606,0.046678,0.007579,1,2987536,0,72,0,0,1331923.116524,6414567.290102,-0.460972,0.015599,0.075925,0.00772,0.956301,-0.094472,-0.022959,6,-3.053825,-2.760223
1.0068377460,0.2090612130,-2.193771,0.08506,0.069432,0.007018,1,2987566,0,72,0,0,1331923.142283,6414567.277420,-0.460774,0.007659,0.083005,0.007446,0.958538,-0.087658,-0.023071,6,-3.064595,-2.760027
1.0068377460,0.2090612130,-0.348275,0.042604,0.031712,0.006792,1,2987576,0,72,0,0,1331923.150883,6414567.273186,-0.46071,0.003236,0.041762,0.007116,0.959257,-0.038675,-0.023107,6,-3.068191,-2.759962
1.0068377460,0.2090612130,-1.122617,0.012825,-0.021586,0.004226,1,2987626,0,72,0,0,1331923.168099,6414567.264705,-0.460596,-0.014764,-0.060127,0.003876,0.96066,0.087218,-0.023177,6,-3.075392,-2.759837
1.0068377460,0.2090612130,-1.122617,0.012825,-0.021586,0.003836,1,2987636,0,72,0,0,1331923.176712,6414567.260450,-0.460562,-0.013329,0.012934,0.003755,0.961343,0.094714,-0.023212,6,-3.078993,-2.759783
1.0068377460,0.2090612130,-3.525832,0.060625,0.0198,0.004715,1,2987666,0,72,0,0,1331923.193957,6414567.251932,-0.460495,-0.035962,0.058204,0.004117,0.962673,0.01348,-0.02328,6,-3.086185,-2.759717
1.0068377460,0.2090612130,-2.478614,-0.116679,-0.121005,0.004607,1,2987706,0,72,0,0,1331923.211226,6414567.243404,-0.460425,-0.044227,-0.042916,0.004118,0.963958,0.129063,-0.023345,6,-3.093391,-2.759647
1.0068377460,0.2090612130,4.683157,-0.23931,-0.238291,0.004859,1,2987716,0,72,0,0,1331923.219869,6414567.239137,-0.46039,-0.056362,-0.118663,0.004167,0.964584,0.226048,-0.023377,6,-3.096997,-2.759613
1.0068377460,0.2090612130,-0.050266,-0.111639,-0.158115,0.008546,1,2987746,0,72,0,0,1331923.237173,6414567.230594,-0.460321,-0.029219,-0.109575,0.007937,0.965803,0.314672,-0.023439,6,-3.104219,-2.759542
1.0068377460,0.2090612130,-1.397886,-0.048415,-0.095807,0.009816,1,2987756,0,72,0,0,1331923.245841,6414567.226334,-0.460253,-0.029385,-0.048479,0.009447,0.966397,0.108652,-0.02347,6,-3.107833,-2.759508
1.0068377460,0.2090612130,1.585786,0.061847,0.106848,0.012757,1,2987786,0,72,0,0,1331923.263201,6414567.217823,-0.460081,-0.00618,-0.087622,0.012355,0.967553,0.128793,-0.023529,6,-3.115106,-2.759359
1.0068377460,0.2090612130,0.215428,0.003967,0.026977,0.014217,1,2987796,0,72,0,0,1331923.271894,6414567.213574,-0.459975,0.011658,0.064859,0.014546,0.968117,0.107187,-0.023557,6,-3.118755,-2.759269
1.0068377460,0.2090612130,0.654661,0.062916,0.084246,0.018865,1,2987826,0,72,0,0,1331923.289307,6414567.205094,-0.459713,0.013781,0.06403,0.019108,0.969214,-0.006478,-0.023612,6,-3.126083,-2.759038
1.0068377460,0.2090612130,-0.710911,0.011756,0.11372,0.020798,1,2987856,0,72,0,0,1331923.306758,6414567.196642,-0.459377,0.002195,0.011077,0.021156,0.970274,-0.011581,-0.023665,6,-3.133457,-2.758737
1.0068377460,0.2090612130,-0.827003,0.251978,0.313931,0.021821,1,2987886,0,72,0,0,1331923.324239,6414567.188203,-0.459005,0.026979,0.243267,0.022949,0.971297,-0.277898,-0.023716,6,-3.140869,-2.758383
1.0068377460,0.2090612130,-0.827003,0.251978,0.313931,0.021534,1,2987896,0,72,0,0,1331923.332990,6414567.183987,-0.458808,0.024022,0.250956,0.022623,0.971795,-0.281729,-0.023741,6,-3.144587,-2.758192
1.0068377460,0.2090612130,0.635511,0.235027,0.275294,0.014726,1,2987936,0,72,0,0,1331923.350504,6414567.175546,-0.458432,0.028849,0.235103,0.01568,0.972766,-0.271835,-0.023788,6,-3.152037,-2.757801
1.0068377460,0.2090612130,-1.262645,0.064443,0.082566,0.007738,1,2987966,0,72,0,0,1331923.376762,6414567.162778,-0.458096,0.026069,0.050879,0.008201,0.97416,-0.130774,-0.023859,6,-3.163165,-2.757374
1.0068377460,0.2090612130,1.402673,0.016337,-0.007995,0.00564,1,2987976,0,72,0,0,1331923.385514,6414567.158501,-0.458026,0.01927,0.063018,0.005943,0.974609,-0.08775,-0.023882,6,-3.166857,-2.757284
1.0068377460,0.2090612130,-0.776736,-0.118053,-0.219965,-0.00035,1,2988006,0,72,0,0,1331923.403019,6414567.149917,-0.457945,0.005015,-0.120526,0.002777,0.975483,0.120499,-0.023927,6,-3.17422,-2.757162
1.0068377460,0.2090612130,0.388966,-0.178529,-0.2641,-0.001656,1,2988016,0,72,0,0,1331923.411774,6414567.145615,-0.457921,0.000268,-0.179032,-0.002615,0.975908,0.187312,-0.02395,6,-3.17789,-2.757132
1.0068377460,0.2090612130,0.44402,-0.302076,-0.343665,-0.000874,1,2988056,0,72,0,0,1331923.429275,6414567.136963,-0.457968,-0.009583,-0.301567,-0.002938,0.976738,0.327087,-0.023994,6,-3.18521,-2.757131
1.0068377460,0.2090612130,-0.957456,-0.259316,-0.242872,0.003059,1,2988086,0,72,0,0,1331923.446791,6414567.128305,-0.458012,-0.016049,-0.342066,-0.001644,0.977538,0.378902,-0.024037,6,-3.192512,-2.757181
1.0068377460,0.2090612130,-0.957456,-0.259316,-0.242872,0.005409,1,2988096,0,72,0,0,1331923.455555,6414567.123976,-0.458026,-0.01649,-0.259047,0.002175,0.977928,0.296655,-0.024059,6,-3.196168,-2.757199
1.0068377460,0.2090612130,1.383524,-0.089495,0.044082,0.013836,1,2988126,0,72,0,0,1331923.473119,6414567.115362,-0.457946,-0.024664,-0.268925,0.012988,0.978688,0.314903,-0.024099,6,-3.203503,-2.757195
1.0068377460,0.2090612130,1.383524,-0.089495,0.044082,0.01724,1,2988136,0,72,0,0,1331923.481922,6414567.111084,-0.457835,-0.00565,-0.086031,0.017331,0.979058,0.320837,-0.024119,6,-3.207199,-2.757133
1.0068377460,0.2090612130,-3.114126,0.015726,0.13281,0.028079,1,2988166,0,72,0,0,1331923.499562,6414567.102575,-0.457508,-0.003167,-0.086694,0.027906,0.979779,0.103932,-0.024156,6,-3.214663,-2.756873
1.0068381969,0.2090608291,0.813838,0.135303,0.264757,0.030804,1,2988176,0,95,0,0,1331925.385558,6414566.517950,-0.155192,-0.00984,0.01428,0.031226,0.990772,0.100985,-0.024173,6,-3.21842,-2.756696
1.0068381969,0.2090608291,-3.786738,0.50564,0.582254,0.03684,1,2988206,0,95,0,0,1331925.405180,6414566.515163,-0.154634,0.016279,0.506462,0.038891,0.99109,-0.135405,-0.022465,6,-4.243059,-2.454111
1.0068381969,0.2090608291,2.323028,0.357658,0.539951,0.037612,1,2988216,0,95,0,0,1331925.414998,6414566.513800,-0.1543,0.018402,0.357656,0.039436,0.991245,-0.5262,-0.022472,6,-4.249459,-2.453821
1.0068381969,0.2090608291,12.25424,0.413705,0.563164,0.035987,1,2988246,0,95,0,0,1331925.434641,6414566.511086,-0.153628,0.077001,0.423555,0.037797,0.991546,-0.452175,-0.022485,6,-4.262303,-2.453149
1.0068381969,0.2090608291,6.508307,0.429588,0.531399,0.035272,1,2988256,0,95,0,0,1331925.444464,6414566.509728,-0.153303,0.126851,0.422437,0.037097,0.991693,-0.549558,-0.022491,6,-4.26873,-2.452815
1.0068381969,0.2090608291,3.862138,0.336889,0.464662,0.026146,1,2988286,0,95,0,0,1331925.464114,6414566.507006,-0.152684,0.145635,0.336243,0.027745,0.991979,-0.681019,-0.022504,6,-4.281584,-2.452173
1.0068381969,0.2090608291,-1.311715,0.166152,0.237268,0.015754,1,2988316,0,95,0,0,1331925.483757,6414566.504203,-0.152251,0.124432,0.067074,0.022668,0.992255,-0.27608,-0.022517,6,-4.294412,-2.451633
1.0068381969,0.2090608291,3.319979,-0.16341,-0.109398,0.006191,1,2988346,0,95,0,0,1331925.503400,6414566.501361,-0.151914,0.092372,-0.166438,0.012063,0.992521,0.013536,-0.022532,6,-4.307193,-2.451244
1.0068381969,0.2090608291,1.717437,-0.1263,-0.239818,0.003517,1,2988356,0,95,0,0,1331925.513218,6414566.499909,-0.151811,0.090671,-0.126437,0.005303,0.992651,-0.023487,-0.022539,6,-4.313567,-2.451102
1.0068381969,0.2090608291,-2.80774,-0.204185,-0.279372,0.000334,1,2988386,0,95,0,0,1331925.532849,6414566.496940,-0.151744,0.078857,-0.18217,0.001106,0.992904,0.052921,-0.022554,6,-4.326269,-2.450953
1.0068381969,0.2090608291,0.2633,-0.163257,-0.336029,-0.000617,1,2988417,0,95,0,0,1331925.552481,6414566.493940,-0.15174,0.053354,-0.203419,-0.001399,0.993148,0.118799,-0.022571,6,-4.33893,-2.450922
1.0068381969,0.2090608291,-2.60428,-0.11958,-0.290214,0.001393,1,2988446,0,95,0,0,1331925.572115,6414566.490924,-0.151768,0.033423,-0.122352,0.000374,0.993384,0.072611,-0.022595,6,-4.357898,-2.450956
1.0068381969,0.2090608291,12.929246,-0.328191,-0.119019,0.00292,1,2988456,0,95,0,0,1331925.581934,6414566.489423,-0.151765,0.069475,-0.320372,0.002346,0.993499,0.207541,-0.022603,6,-4.364227,-2.450952
1.0068381969,0.2090608291,-2.057334,0.066428,0.232075,0.008654,1,2988486,0,95,0,0,1331925.601580,6414566.486441,-0.151721,-0.087047,-0.601468,0.002703,0.993723,0.76255,-0.02261,6,-4.370564,-2.450932
1.0068381969,0.2090608291,3.1991,-0.18815,0.021327,0.010839,1,2988496,0,95,0,0,1331925.611405,6414566.484950,-0.151698,-0.043508,0.073369,0.009487,0.993832,0.011519,-0.022618,6,-4.376902,-2.450909
1.0068381969,0.2090608291,-0.657054,-0.130729,-0.113674,0.012967,1,2988526,0,95,0,0,1331925.640903,6414566.480586,-0.151413,-0.033851,-0.132773,0.012461,0.994148,0.200763,-0.022638,6,-4.395973,-2.450711
1.0068381969,0.2090608291,7.994758,0.193183,0.194202,0.013893,1,2988536,0,95,0,0,1331925.650738,6414566.479139,-0.151306,0.02797,0.203936,0.013547,0.994249,-0.244134,-0.022645,6,-4.402349,-2.450601
1.0068381969,0.2090608291,-0.434446,-0.053912,0.035529,0.01305,1,2988566,0,95,0,0,1331925.670416,6414566.476263,-0.151062,0.002982,-0.054401,0.013145,0.994447,0.055715,-0.022657,6,-4.415108,-2.450378
1.0068381969,0.2090608291,1.355997,0.07834,0.410143,0.011641,1,2988606,0,95,0,0,1331925.690096,6414566.473384,-0.150831,0.022722,0.079111,0.013086,0.994638,-0.103467,-0.022669,6,-4.427879,-2.450136
1.0068381969,0.2090608291,0.704927,-0.209225,-0.126197,0.008648,1,2988636,0,95,0,0,1331925.719621,6414566.469044,-0.150544,-0.012318,-0.210167,0.008151,0.994913,0.07886,-0.022687,6,-4.447032,-2.449813
1.0068381969,0.2090608291,0.606788,-0.082928,-0.014867,0.008813,1,2988646,0,95,0,0,1331925.729463,6414566.467586,-0.150474,-0.001304,-0.080917,0.008725,0.995001,0.240473,-0.022693,6,-4.45341,-2.449732
1.0068381969,0.2090608291,-0.330322,-0.087968,0.040416,0.011759,1,2988676,0,95,0,0,1331925.758997,6414566.463234,-0.150229,0.018729,-0.133212,0.011448,0.995257,0.120874,-0.022711,6,-4.47254,-2.449508
1.0068381969,0.2090608291,-0.330322,-0.087968,0.040416,0.011795,1,2988686,0,95,0,0,1331925.768845,6414566.461793,-0.15013,0.016962,-0.0882,0.011915,0.995339,0.109186,-0.022716,6,-4.478926,-2.449416
1.0068381969,0.2090608291,-0.599607,-0.097436,-0.025252,0.013831,1,2988716,0,95,0,0,1331925.788544,6414566.458916,-0.149928,-0.002843,-0.148874,0.013527,0.9955,0.1626,-0.022727,6,-4.491708,-2.449216
1.0068381969,0.2090608291,0.439233,-0.051469,0.059506,0.015235,1,2988726,0,95,0,0,1331925.798396,6414566.457486,-0.149812,-0.003135,-0.097391,0.015103,0.995578,0.111627,-0.022732,6,-4.4981,-2.449115
1.0068381969,0.2090608291,1.385918,0.060014,0.236504,0.021436,1,2988777,0,95,0,0,1331925.818105,6414566.454649,-0.149538,0.002469,-0.028799,0.016925,0.99573,0.033229,-0.022743,6,-4.510907,-2.448869
1.0068381969,0.2090608291,1.385918,0.060014,0.236504,0.022649,1,2988786,0,95,0,0,1331925.827962,6414566.453237,-0.149393,0.014632,0.062099,0.023427,0.995804,-0.078954,-0.022747,6,-4.517321,-2.448726
1.0068381969,0.2090608291,2.852022,0.052378,0.135559,0.023225,1,2988816,0,95,0,0,1331925.847687,6414566.450473,-0.148988,0.035801,0.054237,0.023621,0.995949,-0.090391,-0.022756,6,-4.530175,-2.448379
1.0068381969,0.2090608291,1.209985,0.065359,0.302325,0.022361,1,2988856,0,95,0,0,1331925.877284,6414566.446350,-0.148366,0.026562,0.064562,0.023383,0.996156,-0.102295,-0.022768,6,-4.549508,-2.447763
1.0068381969,0.2090608291,-3.072237,0.156073,0.297743,0.021117,1,2988866,0,95,0,0,1331925.887151,6414566.444976,-0.148165,0.017826,0.153985,0.022175,0.996223,-0.17643,-0.022772,6,-4.555957,-2.447553
1.0068381969,0.2090608291,1.697091,0.256254,0.38922,0.015487,1,2988906,0,95,0,0,1331925.906885,6414566.442219,-0.147793,0.039763,0.25707,0.016843,0.996353,-0.307343,-0.02278,6,-4.568852,-2.447162
1.0068381969,0.2090608291,-0.138831,0.020919,0.113567,0.007589,1,2988936,0,95,0,0,1331925.926615,6414566.439414,-0.147531,-0.008878,-0.098998,0.013683,0.996478,-0.317906,-0.022793,6,-4.588154,-2.446718
1.0068381969,0.2090608291,3.418118,0.096819,0.174043,0.005286,1,2988946,0,95,0,0,1331925.936480,6414566.438007,-0.147414,-0.000704,0.022171,0.007981,0.996539,0.123285,-0.022797,6,-4.594579,-2.446601
1.0068381969,0.2090608291,-3.01838,-0.159287,-0.179342,0.004401,1,2988976,0,95,0,0,1331925.956204,6414566.435139,-0.147295,-0.014406,-0.165018,0.004203,0.996658,-0.126307,-0.022802,6,-4.600987,-2.446532
1.0068381969,0.2090608291,0.931126,-0.271991,-0.314954,0.003224,1,2988986,0,95,0,0,1331925.966065,6414566.433694,-0.147259,-0.017766,-0.271944,0.003225,0.996716,0.311784,-0.022807,6,-4.607388,-2.446482
1.0068381969,0.2090608291,-0.93711,-0.25733,-0.406126,0.005908,1,2989016,0,95,0,0,1331925.985788,6414566.430792,-0.147212,-0.032979,-0.26256,0.001643,0.996829,0.329024,-0.022817,6,-4.62018,-2.446418
1.0068381969,0.2090608291,-0.93711,-0.25733,-0.406126,0.00763,1,2989026,0,95,0,0,1331925.995649,6414566.429337,-0.147198,-0.03633,-0.257502,0.004415,0.996885,0.32983,-0.022822,6,-4.626572,-2.446399
1.0068381969,0.2090608291,0.166358,-0.085066,0.148081,0.013548,1,2989056,0,95,0,0,1331926.015379,6414566.426459,-0.147104,-0.077544,-0.227669,0.008043,0.996992,0.372122,-0.022832,6,-4.639362,-2.446347
1.0068381969,0.2090608291,0.166358,-0.085066,0.148081,0.016325,1,2989066,0,95,0,0,1331926.025246,6414566.425031,-0.147035,-0.060316,-0.081912,0.014029,0.997044,0.196215,-0.022841,6,-4.652183,-2.446223
1.0068381969,0.2090608291,-0.143618,0.266181,0.372269,0.027986,1,2989106,0,95,0,0,1331926.044992,6414566.422240,-0.146771,-0.059007,-0.122042,0.019676,0.997146,0.234055,-0.022845,6,-4.658616,-2.446102
1.0068381969,0.2090608291,-0.342291,0.327726,0.464815,0.03593,1,2989136,0,95,0,0,1331926.074639,6414566.418227,-0.146047,-0.013783,0.328075,0.037508,0.997292,-0.27838,-0.022854,6,-4.678002,-2.445539
1.0068381969,0.2090608291,0.122076,0.291837,0.374712,0.03556,1,2989145,0,95,0,0,1331926.084529,6414566.416934,-0.145725,-0.010402,0.291985,0.036806,0.997339,-0.295204,-0.022857,6,-4.684513,-2.445234
1.0068386361,0.2090603753,2.94298,0.608113,0.717102,0.03445,1,2989177,0,118,0,0,1331924.590953,6414568.003096,1.17961,0.001983,0.39125,0.036188,0.987956,-0.385971,-0.022861,6,-4.697552,-2.444597
1.0068386361,0.2090603753,0.489499,0.333071,0.457637,0.033565,1,2989186,0,118,0,0,1331924.594577,6414568.012288,1.179921,0.035909,0.61303,0.036041,0.988165,-0.667121,-0.011074,6,-4.632317,-1.119577
1.0068386361,0.2090603753,1.634856,0.138052,0.233144,0.02432,1,2989216,0,118,0,0,1331924.601834,6414568.030676,1.180512,0.025194,0.373027,0.02614,0.988572,-0.357224,-0.011085,6,-4.649965,-1.118958
1.0068386361,0.2090603753,1.634856,0.138052,0.233144,0.022145,1,2989226,0,118,0,0,1331924.605492,6414568.039860,1.180736,0.016285,0.136512,0.022908,0.98877,-0.156261,-0.011091,6,-4.658796,-1.118675
1.0068386361,0.2090603753,0.186704,0.25152,0.214513,0.019225,1,2989246,0,118,0,0,1331924.612833,6414568.058226,1.181122,0.051407,0.245686,0.02206,0.989157,-0.326899,-0.011103,6,-4.67649,-1.118255
1.0068386361,0.2090603753,-1.566637,0.201124,-0.010438,0.007872,1,2989276,0,118,0,0,1331924.620182,6414568.076596,1.181483,0.036935,0.198313,0.007836,0.98953,-0.329589,-0.011115,6,-4.694197,-1.117876
1.0068386361,0.2090603753,0.564899,-0.007945,-0.214009,0.004355,1,2989286,0,118,0,0,1331924.623907,6414568.085764,1.18155,0.022447,-0.010314,0.00356,0.989712,-0.020219,-0.011121,6,-4.703056,-1.117705
1.0068386361,0.2090603753,0.841364,-0.171351,-0.322743,0.001625,1,2989317,0,118,0,0,1331924.631396,6414568.104088,1.1816,0.027031,0.031691,0.002223,0.990066,-0.070246,-0.011135,6,-4.720829,-1.117607
1.0068386361,0.2090603753,0.363833,0.019544,-0.182244,0.000653,1,2989326,0,118,0,0,1331924.635144,6414568.113252,1.181619,0.012779,-0.173372,0.000439,0.990238,0.159759,-0.011143,6,-4.729725,-1.117588
1.0068386361,0.2090603753,-0.517026,-0.067962,-0.255853,-0.000221,1,2989346,0,118,0,0,1331924.642657,6414568.131578,1.181622,0.013033,-0.070012,-0.001171,0.990574,0.055954,-0.011157,6,-4.747524,-1.117565
1.0068386361,0.2090603753,-1.27222,-0.157301,-0.321216,0.000319,1,2989376,0,118,0,0,1331924.650185,6414568.149906,1.1816,0.003191,-0.093251,-0.000848,0.990899,0.090056,-0.011172,6,-4.765336,-1.117575
1.0068386361,0.2090603753,2.036988,-0.092397,-0.201181,0.001234,1,2989386,0,118,0,0,1331924.653948,6414568.159072,1.181593,0.010676,-0.090801,0.000478,0.991057,0.096416,-0.011179,6,-4.774246,-1.117587
1.0068386361,0.2090603753,-1.297353,-0.125689,-0.037316,0.004777,1,2989426,0,118,0,0,1331924.661460,6414568.177416,1.181615,0.011225,-0.026426,0.004465,0.991365,0.015532,-0.011193,6,-4.792065,-1.11759
1.0068386361,0.2090603753,-0.93711,-0.081707,-0.056253,0.007569,1,2989456,0,118,0,0,1331924.668944,6414568.195779,1.1817,-0.004958,-0.081884,0.00735,0.991662,0.099311,-0.011206,6,-4.809877,-1.117534
1.0068386361,0.2090603753,0.136437,0.048255,-0.007078,0.008684,1,2989466,0,118,0,0,1331924.672677,6414568.204966,1.181764,0.004982,0.049826,0.008632,0.991807,-0.049793,-0.011213,6,-4.818781,-1.117487
1.0068386361,0.2090603753,-0.019149,0.012214,0.046678,0.009939,1,2989506,0,118,0,0,1331924.680130,6414568.223351,1.181918,0.00755,0.017509,0.009601,0.992089,-0.017624,-0.011225,6,-4.836582,-1.11735
1.0068386361,0.2090603753,0.41769,0.059709,0.109139,0.009836,1,2989536,0,118,0,0,1331924.687575,6414568.241744,1.182087,0.011273,0.06044,0.0102,0.992361,-0.01447,-0.011237,6,-4.854382,-1.117187
1.0068386361,0.2090603753,0.842561,0.05192,0.055841,0.009615,1,2989546,0,118,0,0,1331924.691295,6414568.250944,1.182175,0.013622,0.052286,0.009782,0.992494,-0.071418,-0.011242,6,-4.863282,-1.1171
1.0068386361,0.2090603753,0.775539,0.091932,0.030948,0.008073,1,2989576,0,118,0,0,1331924.698742,6414568.269346,1.182337,0.018036,0.047221,0.007899,0.992752,-0.070035,-0.011254,6,-4.881084,-1.116929
1.0068386361,0.2090603753,0.676203,-0.025507,-0.064958,0.006396,1,2989605,0,118,0,0,1331924.706201,6414568.287748,1.182471,0.015792,-0.026689,0.006136,0.993002,0.007803,-0.011265,6,-4.898896,-1.116783
1.0068386361,0.2090603753,1.013707,-0.042611,-0.097486,0.005173,1,2989636,0,118,0,0,1331924.713674,6414568.306150,1.182573,0.013229,-0.043324,0.005152,0.993242,-0.08754,-0.011283,6,-4.925631,-1.116614
1.0068386361,0.2090603753,1.0161,-0.067199,-0.114896,0.004669,1,2989646,0,118,0,0,1331924.717413,6414568.315352,1.182618,0.019769,-0.014815,0.004372,0.99336,0.028924,-0.011289,6,-4.934547,-1.11657
1.0068386361,0.2090603753,0.149602,-0.063686,-0.168958,0.003867,1,2989676,0,118,0,0,1331924.724902,6414568.333755,1.182686,0.022244,-0.032734,0.003743,0.993588,0.04504,-0.011294,6,-4.943465,-1.116532
1.0068386361,0.2090603753,0.149602,-0.063686,-0.168958,0.003903,1,2989686,0,118,0,0,1331924.728647,6414568.342958,1.182718,0.017679,-0.064365,0.003279,0.9937,0.002557,-0.0113,6,-4.952385,-1.116501
1.0068386361,0.2090603753,-0.645086,-0.107821,-0.167278,0.003939,1,2989716,0,118,0,0,1331924.736140,6414568.361366,1.182778,0.020438,0.014679,0.003706,0.993916,-0.045154,-0.011312,6,-4.970229,-1.116441
1.0068386361,0.2090603753,-0.645086,-0.107821,-0.167278,0.003913,1,2989726,0,118,0,0,1331924.739886,6414568.370572,1.18281,0.006254,-0.11008,0.003327,0.994022,-0.041695,-0.011317,6,-4.979152,-1.116409
1.0068386361,0.2090603753,-0.725273,-0.078805,-0.115965,0.003625,1,2989746,0,118,0,0,1331924.747380,6414568.388987,1.182868,-0.000734,-0.079528,0.003201,0.994228,0.081155,-0.011329,6,-4.997001,-1.116349
1.0068386361,0.2090603753,0.171145,-0.104003,-0.082062,0.005507,1,2989776,0,118,0,0,1331924.754875,6414568.407406,1.182927,0.001301,-0.106337,0.005044,0.994427,0.11281,-0.01134,6,-5.014854,-1.116292
1.0068386361,0.2090603753,0.171145,-0.104003,-0.082062,0.006026,1,2989786,0,118,0,0,1331924.758617,6414568.416620,1.18297,0.000749,-0.103914,0.005708,0.994523,0.111354,-0.011345,6,-5.023781,-1.11626
1.0068386361,0.2090603753,0.520617,-0.047498,-0.122379,0.008067,1,2989816,0,118,0,0,1331924.766090,6414568.435054,1.183076,0.005058,-0.016775,0.008064,0.994712,0.014072,-0.011356,6,-5.04163,-1.116168
1.0068386361,0.2090603753,0.520617,-0.047498,-0.122379,0.008957,1,2989826,0,118,0,0,1331924.769819,6414568.444276,1.183145,0.004241,-0.047505,0.008479,0.994804,0.016673,-0.011361,6,-5.050554,-1.116112
1.0068386361,0.2090603753,-1.303337,-0.100033,-0.079924,0.010458,1,2989856,0,118,0,0,1331924.777269,6414568.462726,1.183299,0.003294,0.016399,0.010414,0.994982,-0.013412,-0.011371,6,-5.068397,-1.11597
1.0068386361,0.2090603753,-1.303337,-0.100033,-0.079924,0.010972,1,2989866,0,118,0,0,1331924.780988,6414568.471955,1.183388,-0.011404,-0.102422,0.01066,0.99507,0.131129,-0.011376,6,-5.077316,-1.115888
1.0068386361,0.2090603753,-0.901205,0.028554,0.11036,0.013492,1,2989896,0,118,0,0,1331924.784705,6414568.481185,1.18348,-0.014563,-0.160714,0.01108,0.995155,0.19495,-0.011385,6,-5.095153,-1.115708
1.0068386361,0.2090603753,-0.810247,0.021377,0.033697,0.014315,1,2989906,0,118,0,0,1331924.788420,6414568.490417,1.183575,-0.004628,0.030063,0.013862,0.995239,-0.013213,-0.01139,6,-5.104071,-1.115613
1.0068386361,0.2090603753,-1.008919,0.005494,-0.01731,0.015801,1,2989946,0,118,0,0,1331924.795824,6414568.508895,1.183817,-0.012387,0.004681,0.015697,0.995403,0.025746,-0.011394,6,-5.112984,-1.115494
1.0068386361,0.2090603753,-0.275269,0.102011,0.197256,0.017091,1,2989976,0,118,0,0,1331924.803210,6414568.527384,1.184093,-0.007714,0.128886,0.017269,0.995561,-0.111548,-0.011403,6,-5.130807,-1.115235
1.0068386361,0.2090603753,1.081925,0.085518,0.172058,0.01469,1,2990016,0,118,0,0,1331924.810580,6414568.545882,1.184393,-0.002698,0.086463,0.015256,0.995714,-0.078084,-0.011411,6,-5.148623,-1.114946
1.0068386361,0.2090603753,0.354259,0.101858,0.063629,0.014335,1,2990025,0,118,0,0,1331924.814272,6414568.555130,1.184524,0.001389,0.102409,0.014517,0.995789,-0.072992,-0.011415,6,-5.157529,-1.114794
1.0068386361,0.2090603753,-0.13165,0.172108,0.089744,0.013574,1,2990046,0,118,0,0,1331924.821660,6414568.573626,1.184772,0.007801,0.17193,0.014363,0.995934,-0.176406,-0.011423,6,-5.175353,-1.114539
1.0068386361,0.2090603753,1.205198,-0.012832,-0.012271,0.009584,1,2990077,0,118,0,0,1331924.829048,6414568.592124,1.185012,0.009692,0.119829,0.009679,0.996074,-0.12288,-0.011431,6,-5.193179,-1.114292
1.0068386361,0.2090603753,1.205198,-0.012832,-0.012271,0.00835,1,2990086,0,118,0,0,1331924.832758,6414568.601369,1.185095,0.005362,-0.013401,0.008266,0.996142,-0.12804,-0.011435,6,-5.202093,-1.114175
1.0068386361,0.2090603753,0.738438,-0.034976,-0.05946,0.002293,1,2990126,0,118,0,0,1331924.843923,6414568.629091,1.185262,0.011236,-0.035592,0.002064,0.996339,-0.069772,-0.011449,6,-5.228868,-1.113959
1.0068386361,0.2090603753,-0.970621,-0.060174,-0.115507,0.001224,1,2990136,0,118,0,0,1331924.847662,6414568.638326,1.185279,0.003405,-0.061502,0.000812,0.996403,0.024679,-0.011453,6,-5.237801,-1.113926
1.0068390550,0.2090599360,0.163964,-0.147527,-0.236458,-0.000113,1,2990186,0,141,0,0,1331922.336989,6414570.505840,-2.131958,-0.003861,-0.104206,-0.000753,1.00073,0.11665,-0.011463,6,-5.255679,-1.113901
1.0068390550,0.2090599360,0.163964,-0.147527,-0.236458,-0.00001,1,2990196,0,141,0,0,1331922.331661,6414570.497369,-2.131964,-0.007302,-0.147835,-0.000874,1.000717,0.119712,0.013997,6,-4.616306,1.85204
1.0068390550,0.2090599360,-0.345881,-0.175475,-0.195378,0.001193,1,2990227,0,141,0,0,1331922.321005,6414570.480427,-2.131976,-0.000596,-0.159097,0.00048,1.000693,0.174941,0.014004,6,-4.597076,1.852026
1.0068390550,0.2090599360,1.771294,-0.113624,-0.102832,0.002288,1,2990236,0,141,0,0,1331922.315681,6414570.471954,-2.131972,-0.005279,-0.176,0.001574,1.000681,0.16889,0.014007,6,-4.587461,1.852022
1.0068390550,0.2090599360,1.387114,-0.09087,-0.112605,0.006895,1,2990266,0,141,0,0,1331922.305048,6414570.454999,-2.13193,0.011305,-0.089647,0.006451,1.000657,0.110248,0.014014,6,-4.568236,1.85204
1.0068390550,0.2090599360,0.830593,-0.122024,-0.124365,0.008448,1,2990276,0,141,0,0,1331922.299746,6414570.446512,-2.131874,0.010027,-0.121966,0.007963,1.000646,0.113168,0.014018,6,-4.558627,1.852068
1.0068390550,0.2090599360,1.446955,0.072231,0.10639,0.01342,1,2990306,0,141,0,0,1331922.289162,6414570.429527,-2.131722,0.033965,0.074122,0.013757,1.000624,0.002904,0.014026,6,-4.539417,1.852192
1.0068390550,0.2090599360,1.093893,0.107967,0.133268,0.01486,1,2990316,0,141,0,0,1331922.283888,6414570.421023,-2.131604,0.037334,0.072774,0.015193,1.000613,-0.124812,0.01403,6,-4.529816,1.852276
1.0068390550,0.2090599360,-1.360784,0.163861,0.217873,0.014582,1,2990346,0,141,0,0,1331922.268095,6414570.395495,-2.131203,0.032401,0.162498,0.015353,1.000581,-0.210451,0.014044,6,-4.501033,1.85266
1.0068390550,0.2090599360,-0.047873,0.112548,0.187024,0.014263,1,2990356,0,141,0,0,1331922.262832,6414570.386985,-2.131071,0.026836,0.111395,0.014906,1.000571,-0.149608,0.014049,6,-4.491441,1.852795
1.0068390550,0.2090599360,1.141766,-0.008097,0.017356,0.012572,1,2990386,0,141,0,0,1331922.252304,6414570.369966,-2.130819,0.024329,0.065468,0.013093,1.000552,-0.09812,0.014059,6,-4.472256,1.853055
1.0068390550,0.2090599360,2.127946,0.010076,-0.001581,0.007754,1,2990426,0,141,0,0,1331922.236483,6414570.344458,-2.130531,0.03246,0.011079,0.007707,1.000523,-0.066275,0.014072,6,-4.443474,1.853388
1.0068390550,0.2090599360,1.84789,0.058334,-0.011049,0.006597,1,2990436,0,141,0,0,1331922.231199,6414570.335962,-2.130465,0.040703,0.059719,0.006525,1.000514,-0.059134,0.014076,6,-4.433876,1.853466
1.0068390550,0.2090599360,1.56185,-0.138364,-0.149868,0.00255,1,2990466,0,141,0,0,1331922.220616,6414570.318979,-2.13037,0.031313,-0.13844,0.001988,1.000497,0.029013,0.014085,6,-4.414677,1.853589
1.0068390550,0.2090599360,1.265039,-0.122787,-0.11566,0.001332,1,2990476,0,141,0,0,1331922.215312,6414570.310496,-2.130353,0.032858,-0.12228,0.000901,1.000488,0.092392,0.014089,6,-4.405075,1.853628
1.0068390550,0.2090599360,2.357735,-0.07682,-0.067554,0.001147,1,2990506,0,141,0,0,1331922.204696,6414570.293534,-2.130341,0.041756,-0.075102,0.000881,1.000471,0.010779,0.014096,6,-4.385864,1.853652
1.0068390550,0.2090599360,-1.432594,-0.215792,-0.243178,0.00108,1,2990516,0,141,0,0,1331922.199389,6414570.285053,-2.130333,0.019273,-0.219375,0.000214,1.000463,0.194398,0.0141,6,-4.376257,1.853657
1.0068390550,0.2090599360,-0.905993,-0.24435,-0.28716,0.003244,1,2990546,0,141,0,0,1331922.188770,6414570.268094,-2.130329,0.000666,-0.245369,0.002202,1.000447,0.239677,0.014107,6,-4.357044,1.853666
1.0068390550,0.2090599360,0.751603,-0.122024,-0.194156,0.0047,1,2990556,0,141,0,0,1331922.183467,6414570.259611,-2.13031,0.010151,-0.120205,0.003974,1.000439,0.252954,0.014111,6,-4.347438,1.853669
1.0068390550,0.2090599360,-0.639102,-0.12294,-0.07351,0.01053,1,2990586,0,141,0,0,1331922.172883,6414570.242631,-2.130226,0.002524,-0.12374,0.010239,1.000424,0.11027,0.014118,6,-4.328231,1.853722
1.0068390550,0.2090599360,1.699484,-0.056967,0.034766,0.01199,1,2990596,0,141,0,0,1331922.167611,6414570.234128,-2.130138,0.013209,-0.054941,0.012064,1.000417,0.128073,0.014122,6,-4.318632,1.853772
1.0068390550,0.2090599360,-0.450004,0.070093,0.146402,0.017652,1,2990626,0,141,0,0,1331922.162346,6414570.225621,-2.130035,0.014639,-0.080766,0.013541,1.00041,0.063898,0.014131,6,-4.299446,1.853963
1.0068390550,0.2090599360,0.063431,0.10812,0.172363,0.018927,1,2990636,0,141,0,0,1331922.157087,6414570.217111,-2.129918,0.021427,0.071031,0.01814,1.000402,-0.099778,0.014136,6,-4.289856,1.85408
1.0068390550,0.2090599360,-0.333913,0.123086,0.236657,0.019611,1,2990666,0,141,0,0,1331922.141382,6414570.191535,-2.129418,0.01937,0.122196,0.020618,1.000382,-0.147344,0.014151,6,-4.261111,1.85458
1.0068390550,0.2090599360,0.722879,0.150728,0.257732,0.019503,1,2990676,0,141,0,0,1331922.136154,6414570.183005,-2.129241,0.024063,0.151301,0.020484,1.000375,-0.18466,0.014156,6,-4.251532,1.854757
1.0068390550,0.2090599360,0.667826,0.183256,0.253608,0.017605,1,2990706,0,141,0,0,1331922.125702,6414570.165944,-2.128891,0.030477,0.18329,0.020271,1.000362,-0.227875,0.014162,6,-4.241954,1.854932
1.0068390550,0.2090599360,-0.298008,0.165541,0.224898,0.015965,1,2990716,0,141,0,0,1331922.120478,6414570.157413,-2.128717,0.026715,0.164564,0.018378,1.000356,-0.202565,0.014167,6,-4.232375,1.855107
1.0068390550,0.2090599360,-0.479925,0.098651,0.180915,0.007903,1,2990756,0,141,0,0,1331922.110006,6414570.140364,-2.128433,0.015819,0.097891,0.008546,1.000344,-0.121031,0.014177,6,-4.213218,1.855439
1.0068390550,0.2090599360,1.522355,-0.1938,-0.173997,-0.001311,1,2990796,0,141,0,0,1331922.104744,6414570.131857,-2.128359,0.005165,0.020053,0.005423,1.000338,-0.020341,0.014186,6,-4.194044,1.855639
1.0068390550,0.2090599360,1.761719,-0.249542,-0.300294,-0.005774,1,2990835,0,141,0,0,1331922.094171,6414570.114872,-2.12833,-0.002956,-0.248687,-0.00426,1.000326,0.211861,0.01419,6,-4.18445,1.855685
1.0068390550,0.2090599360,-0.690565,-0.36133,-0.393145,-0.00472,1,2990866,0,141,0,0,1331922.083544,6414570.097921,-2.128428,-0.013567,-0.363076,-0.006129,1.000315,0.272574,0.014197,6,-4.165243,1.855632
1.0068390550,0.2090599360,-0.20705,-0.335827,-0.294032,-0.003502,1,2990876,0,141,0,0,1331922.078228,6414570.089447,-2.12848,-0.009513,-0.278791,-0.004486,1.000309,0.395568,0.0142,6,-4.155634,1.85557
1.0068390550,0.2090599360,0.54575,-0.274435,-0.274179,0.002777,1,2990906,0,141,0,0,1331922.067613,6414570.072490,-2.128544,-0.012629,-0.273099,0.001763,1.000299,0.375923,0.014207,6,-4.136421,1.855479
1.0068390550,0.2090599360,0.471547,-0.11958,-0.133069,0.005584,1,2990916,0,141,0,0,1331922.062325,6414570.063999,-2.128529,-0.00097,-0.117406,0.005078,1.000294,0.30395,0.01421,6,-4.126817,1.855453
1.0068390550,0.2090599360,1.782065,-0.16005,-0.116118,0.015225,1,2990946,0,141,0,0,1331922.051774,6414570.047001,-2.128442,0.007282,-0.158622,0.014737,1.000284,0.165,0.014218,6,-4.107624,1.855512
1.0068390550,0.2090599360,-0.169948,0.051462,0.234519,0.022855,1,2990976,0,141,0,0,1331922.036092,6414570.021415,-2.127979,0.032785,0.084365,0.023873,1.000269,-0.132989,0.014232,6,-4.07887,1.855839
1.0068390550,0.2090599360,-2.009461,0.125987,0.299881,0.023981,1,2990986,0,141,0,0,1331922.030889,6414570.012872,-2.127774,0.026972,0.050356,0.024768,1.000264,-0.088807,0.014237,6,-4.069296,1.856019
1.0068390550,0.2090599360,2.747899,0.234263,0.455499,0.024732,1,2991016,0,141,0,0,1331922.015307,6414569.987225,-2.127122,0.03236,0.236411,0.026261,1.000251,-0.28429,0.01426,6,-4.031025,1.856876
1.0068390550,0.2090599360,1.552276,0.2532,0.436104,0.024531,1,2991026,0,141,0,0,1331922.010120,6414569.978672,-2.126896,0.039793,0.254133,0.026232,1.000246,-0.315022,0.014265,6,-4.021461,1.857102
1.0068390550,0.2090599360,1.990312,0.176384,0.358677,0.0205,1,2991056,0,141,0,0,1331921.999748,6414569.961564,-2.126455,0.047747,0.177262,0.021729,1.000238,-0.240242,0.014271,6,-4.011897,1.857327
1.0068390550,0.2090599360,0.28245,0.029165,0.143653,0.018284,1,2991066,0,141,0,0,1331921.994550,6414569.953018,-2.126268,0.034715,0.026917,0.018754,1.000234,-0.25207,0.014276,6,-4.002333,1.857543
1.0068390550,0.2090599360,0.943094,0.061999,0.126396,0.007594,1,2991106,0,141,0,0,1331921.984130,6414569.935941,-2.125966,0.039169,0.061965,0.008029,1.000226,-0.121336,0.014287,6,-3.983194,1.857891
1.0068390550,0.2090599360,-0.728863,-0.339492,-0.240582,0.00018,1,2991137,0,141,0,0,1331921.973633,6414569.918912,-2.125855,0.034324,-0.0406,-0.000044,1.000218,-0.010717,0.014296,6,-3.964039,1.858101
1.0068390550,0.2090599360,-0.728863,-0.339492,-0.240582,-0.001944,1,2991146,0,141,0,0,1331921.968362,6414569.910411,-2.125856,0.004232,-0.344033,-0.002802,1.000214,0.345377,0.0143,6,-3.954452,1.858143
1.0068390550,0.2090599360,-1.060383,-0.309865,-0.346261,-0.001033,1,2991176,0,141,0,0,1331921.957796,6414569.893424,-2.12591,-0.013849,-0.348669,-0.001913,1.000207,0.36731,0.014308,6,-3.935265,1.858118
1.0068394331,0.2090595433,-1.111846,-0.29612,-0.389022,-0.000802,1,2991186,0,164,0,0,1331919.682146,6414572.473398,0.931746,-0.01839,-0.31023,-0.002049,0.994701,0.381655,0.014311,6,-3.925668,1.858088
1.0068394331,0.2090595433,-0.542159,-0.231063,-0.276928,0.005995,1,2991226,0,164,0,0,1331919.694026,6414572.489356,0.931711,-0.022609,-0.230426,0.004971,0.994884,0.278742,-0.013074,6,-3.954627,-1.367459
1.0068394331,0.2090595433,-0.028724,-0.126453,0.228868,0.013425,1,2991256,0,164,0,0,1331919.705848,6414572.505362,0.931826,-0.045477,-0.244012,0.013054,0.99506,0.314734,-0.013086,6,-3.974111,-1.367434
1.0068394331,0.2090595433,1.789246,-0.042917,0.31332,0.023518,1,2991286,0,164,0,0,1331919.717613,6414572.521415,0.932085,-0.018377,-0.039868,0.02456,0.99523,0.193817,-0.013097,6,-3.993583,-1.36725
1.0068394331,0.2090595433,-0.41769,0.073911,0.218484,0.026948,1,2991296,0,164,0,0,1331919.723462,6414572.529468,0.932296,-0.010089,0.075154,0.027661,0.995313,0.080777,-0.013101,6,-4.003314,-1.367102
1.0068394331,0.2090595433,1.882598,0.164777,0.381585,0.033617,1,2991326,0,164,0,0,1331919.740944,6414572.553681,0.933073,-0.029165,0.113877,0.034558,0.995552,-0.054088,-0.013113,6,-4.032483,-1.366394
1.0068394331,0.2090595433,1.882598,0.164777,0.381585,0.034866,1,2991336,0,164,0,0,1331919.746753,6414572.561767,0.93337,-0.012418,0.167542,0.036119,0.99563,-0.137061,-0.013117,6,-4.042203,-1.366114
1.0068394331,0.2090595433,-0.159177,0.178522,0.526512,0.034537,1,2991376,0,164,0,0,1331919.764144,6414572.586058,0.934318,0.021383,0.247145,0.037414,0.995853,-0.275815,-0.013126,6,-4.071353,-1.365189
1.0068394331,0.2090595433,-0.299205,0.129042,0.473673,0.032732,1,2991386,0,164,0,0,1331919.769935,6414572.594161,0.934639,0.0162,0.177339,0.036349,0.995925,-0.275815,-0.01313,6,-4.081068,-1.36487
1.0068394331,0.2090595433,0.02992,0.122017,0.400827,0.02103,1,2991436,0,164,0,0,1331919.781524,6414572.610365,0.935246,0.011836,0.121711,0.022424,0.996066,-0.140169,-0.013136,6,-4.1005,-1.364237
1.0068394331,0.2090595433,0.373408,-0.058036,-0.029375,0.01833,1,2991446,0,164,0,0,1331919.787360,6414572.618437,0.935438,0.00009,-0.059861,0.018161,0.996134,-0.133674,-0.013139,6,-4.110219,-1.363942
1.0068394331,0.2090595433,0.562505,-0.182958,0.038278,0.012942,1,2991466,0,164,0,0,1331919.799067,6414572.634560,0.935729,0.009558,-0.050653,0.015753,0.996267,0.048956,-0.013147,6,-4.12968,-1.363594
1.0068394331,0.2090595433,1.89696,-0.268326,-0.09825,0.009831,1,2991496,0,164,0,0,1331919.816660,6414572.658724,0.936068,0.002384,-0.266637,0.009556,0.996458,0.271215,-0.01316,6,-4.158889,-1.363211
1.0068394331,0.2090595433,0.615165,-0.228162,-0.186673,0.010196,1,2991506,0,164,0,0,1331919.822535,6414572.666772,0.93615,0.004413,-0.227424,0.009117,0.99652,0.228451,-0.013165,6,-4.168629,-1.363119
1.0068394331,0.2090595433,-1.025675,-0.223886,-0.075801,0.010864,1,2991536,0,164,0,0,1331919.840164,6414572.690920,0.93639,-0.01137,-0.271271,0.01017,0.996698,0.222276,-0.013179,6,-4.197857,-1.362879
1.0068394331,0.2090595433,-1.025675,-0.223886,-0.075801,0.012227,1,2991546,0,164,0,0,1331919.846036,6414572.698973,0.936477,-0.014415,-0.224125,0.011923,0.996755,0.299918,-0.013184,6,-4.207601,-1.362798
1.0068394331,0.2090595433,0.996951,-0.168297,0.013386,0.019636,1,2991576,0,164,0,0,1331919.857760,6414572.715098,0.936703,-0.004409,-0.167434,0.019612,0.996867,0.258101,-0.013193,6,-4.227086,-1.362608
1.0068394331,0.2090595433,-0.205853,-0.084456,0.224745,0.022007,1,2991586,0,164,0,0,1331919.863598,6414572.723178,0.936871,-0.002851,-0.108325,0.022555,0.996921,0.122063,-0.013198,6,-4.236826,-1.362484
1.0068394331,0.2090595433,1.750948,0.0255,0.36051,0.029395,1,2991616,0,164,0,0,1331919.875244,6414572.739364,0.937279,0.012213,0.028175,0.030598,0.997027,-0.040798,-0.013205,6,-4.256296,-1.362123
1.0068394331,0.2090595433,0.871285,0.128889,0.459928,0.034743,1,2991656,0,164,0,0,1331919.886829,6414572.755597,0.937823,0.009686,0.011197,0.035644,0.997129,-0.019398,-0.013211,6,-4.275754,-1.361646
1.0068394331,0.2090595433,0.067022,0.172719,0.54942,0.035221,1,2991666,0,164,0,0,1331919.892605,6414572.763726,0.938129,0.021475,0.130693,0.036779,0.997179,-0.159523,-0.013214,6,-4.285478,-1.361365
1.0068394331,0.2090595433,-0.584048,0.155156,0.550183,0.034887,1,2991686,0,164,0,0,1331919.904141,6414572.779998,0.938764,0.0196,0.154049,0.037206,0.997276,-0.179598,-0.013219,6,-4.304921,-1.360743
1.0068394331,0.2090595433,0.393754,0.112396,0.449543,0.029961,1,2991726,0,164,0,0,1331919.915672,6414572.796277,0.939389,0.019246,0.112422,0.031502,0.99737,-0.137353,-0.013224,6,-4.32436,-1.360105
1.0068394331,0.2090595433,-0.040692,0.16157,0.314695,0.024644,1,2991756,0,164,0,0,1331919.927236,6414572.812533,0.93991,0.021408,0.161145,0.025717,0.997461,-0.191532,-0.013229,6,-4.343806,-1.359528
1.0068394331,0.2090595433,2.074089,-0.025965,0.188857,0.017307,1,2991786,0,164,0,0,1331919.938833,6414572.828766,0.940329,0.023072,-0.02461,0.017922,0.997548,0.007327,-0.013235,6,-4.363261,-1.359057
1.0068394331,0.2090595433,-1.750948,-0.201894,0.019952,0.015333,1,2991796,0,164,0,0,1331919.944652,6414572.836869,0.940483,-0.000874,-0.205744,0.015378,0.997591,-0.007016,-0.013238,6,-4.372993,-1.358858
1.0068394331,0.2090595433,1.434987,-0.192731,0.043929,0.013158,1,2991826,0,164,0,0,1331919.962141,6414572.861157,0.940852,0.017315,-0.191675,0.013266,0.997714,0.200704,-0.01325,6,-4.402207,-1.35845
1.0068394331,0.2090595433,0.770752,-0.347433,-0.127724,0.013482,1,2991836,0,164,0,0,1331919.967973,6414572.869253,0.940966,0.004646,-0.348906,0.012969,0.997754,0.170124,-0.013254,6,-4.411948,-1.358335
1.0068394331,0.2090595433,0.627134,-0.209378,-0.035789,0.01598,1,2991876,0,164,0,0,1331919.979636,6414572.885445,0.94119,0.00668,-0.32894,0.015415,0.997831,0.325574,-0.013262,6,-4.43143,-1.35811
1.0068394331,0.2090595433,-0.140028,-0.195328,0.026061,0.022973,1,2991906,0,164,0,0,1331919.991272,6414572.901660,0.941476,0.009449,-0.195741,0.023003,0.997906,0.187954,-0.013269,6,-4.450911,-1.357865
1.0068394331,0.2090595433,-0.793492,-0.190899,0.129908,0.025441,1,2991915,0,164,0,0,1331919.997066,6414572.909785,0.941674,0.002862,-0.191772,0.025846,0.997942,0.195514,-0.013273,6,-4.460648,-1.357711
1.0068394331,0.2090595433,0.348275,0.043368,0.441755,0.033683,1,2991946,0,164,0,0,1331920.008622,6414572.926060,0.942139,0.003581,-0.196956,0.03416,0.998013,0.200422,-0.013279,6,-4.480111,-1.357292
1.0068394331,0.2090595433,0.348275,0.043368,0.441755,0.044707,1,2991986,0,164,0,0,1331920.020109,6414572.942387,0.942758,0.020087,0.043303,0.046176,0.998081,-0.073093,-0.013284,6,-4.499561,-1.356756
1.0068394331,0.2090595433,-0.305189,0.164472,0.563164,0.046594,1,2991996,0,164,0,0,1331920.025814,6414572.950579,0.943155,0.02624,0.165155,0.048508,0.998115,-0.202325,-0.013286,6,-4.509279,-1.356429
1.0068394331,0.2090595433,-0.485909,0.115755,0.478559,0.04662,1,2992026,0,164,0,0,1331920.037199,6414572.966982,0.943987,0.016776,0.115031,0.048225,0.998179,-0.139817,-0.013288,6,-4.528697,-1.355617
1.0068394331,0.2090595433,1.521158,0.29199,0.643035,0.04661,1,2992036,0,164,0,0,1331920.042888,6414572.975187,0.944401,0.036407,0.294875,0.048794,0.998211,-0.13564,-0.01329,6,-4.538404,-1.3552
1.0068394331,0.2090595433,0.697746,0.082311,0.585308,0.043036,1,2992067,0,164,0,0,1331920.054253,6414572.991606,0.945234,0.027677,0.212346,0.045067,0.998273,-0.252031,-0.013292,6,-4.557817,-1.354368
1.0068394331,0.2090595433,1.259055,0.05528,0.487264,0.04028,1,2992076,0,164,0,0,1331920.059943,6414572.999811,0.945621,0.020503,0.081028,0.04228,0.998303,-0.108158,-0.013293,6,-4.567522,-1.353953
1.0068394331,0.2090595433,0.023936,0.036648,0.340962,0.033786,1,2992116,0,164,0,0,1331920.071341,6414573.016208,0.946327,0.019745,0.036011,0.034926,0.998361,-0.061815,-0.013296,6,-4.586939,-1.353203
1.0068394331,0.2090595433,1.370359,0.030998,0.141515,0.026341,1,2992156,0,164,0,0,1331920.082782,6414573.032575,0.946899,0.027398,0.031632,0.026765,0.998417,-0.064325,-0.013299,6,-4.606366,-1.352561
1.0068397182,0.2090591128,0.106517,-0.143404,0.110208,0.023405,1,2992186,0,188,0,0,1331917.278912,6414574.807433,-2.092069,-0.000659,-0.209848,0.023698,0.997283,0.219752,-0.013304,6,-4.625805,-1.352058
1.0068397182,0.2090591128,1.041233,-0.118817,0.159841,0.023061,1,2992196,0,188,0,0,1331917.274033,6414574.798734,-2.091865,0.002296,-0.142697,0.02339,0.99733,0.147428,0.014607,6,-3.705175,1.891929
1.0068397182,0.2090591128,-0.426068,-0.233354,0.066989,0.025282,1,2992236,0,188,0,0,1331917.259410,6414574.772628,-2.091246,-0.012604,-0.233988,0.02545,0.997467,0.223894,0.014628,6,-3.676883,1.89254
1.0068397182,0.2090591128,1.76531,-0.12798,0.174654,0.02668,1,2992246,0,188,0,0,1331917.254544,6414574.763920,-2.091028,-0.00419,-0.186439,0.027074,0.997511,0.264796,0.014635,6,-3.667454,1.892752
1.0068397182,0.2090591128,-0.114895,-0.019246,0.389984,0.03773,1,2992296,0,188,0,0,1331917.244837,6414574.746488,-2.090544,0.010025,-0.101347,0.035992,0.997597,0.092554,0.014656,6,-3.639178,1.893454
1.0068397182,0.2090591128,-0.009575,0.018475,0.433355,0.039602,1,2992306,0,188,0,0,1331917.240016,6414574.737754,-2.090235,0.013367,-0.018689,0.039037,0.997638,0.004047,0.014663,6,-3.629766,1.893763
1.0068397182,0.2090591128,-0.299205,0.033289,0.44374,0.044368,1,2992336,0,188,0,0,1331917.230410,6414574.720261,-2.089548,0.012747,0.032928,0.045851,0.99772,-0.035113,0.014671,6,-3.620358,1.894098
1.0068397182,0.2090591128,-0.49309,0.11041,0.503605,0.04534,1,2992346,0,188,0,0,1331917.225633,6414574.711500,-2.089154,0.015406,0.110594,0.04704,0.997759,-0.128805,0.014679,6,-3.610954,1.89445
1.0068397182,0.2090591128,0.303992,0.038939,0.442518,0.044928,1,2992396,0,188,0,0,1331917.216098,6414574.693965,-2.088346,0.009983,0.139424,0.046765,0.997836,-0.154577,0.014696,6,-3.592162,1.895247
1.0068397182,0.2090591128,1.083122,0.066581,0.376545,0.044023,1,2992406,0,188,0,0,1331917.211335,6414574.685195,-2.087944,0.004366,0.037978,0.045493,0.997874,-0.148144,0.014704,6,-3.582769,1.895652
1.0068397182,0.2090591128,1.031659,0.046117,0.328287,0.039951,1,2992436,0,188,0,0,1331917.201802,6414574.667657,-2.087177,0.013971,0.046493,0.041012,0.997947,-0.062193,0.014721,6,-3.563982,1.896444
1.0068397182,0.2090591128,2.285926,0.069024,0.380821,0.038553,1,2992446,0,188,0,0,1331917.197027,6414574.658892,-2.086825,0.024757,0.0709,0.039797,0.997983,-0.105475,0.014729,6,-3.554587,1.896821
1.0068397182,0.2090591128,0.166358,-0.119428,0.237879,0.031262,1,2992486,0,188,0,0,1331917.187470,6414574.641366,-2.086156,0.0318,0.061335,0.032615,0.998052,-0.101881,0.014745,6,-3.535791,1.897515
1.0068397182,0.2090591128,-0.181917,-0.139433,0.19634,0.028465,1,2992506,0,188,0,0,1331917.177869,6414574.623863,-2.085613,0.010695,-0.140168,0.029096,0.998119,0.102411,0.014759,6,-3.516984,1.898122
1.0068397182,0.2090591128,-2.109994,-0.289859,0.102725,0.027647,1,2992536,0,188,0,0,1331917.168254,6414574.606367,-2.085123,0.014014,-0.129045,0.028265,0.998184,0.113271,0.014773,6,-3.498165,1.898635
1.0068397182,0.2090591128,0.430855,-0.261607,0.137391,0.027719,1,2992546,0,188,0,0,1331917.163448,6414574.597617,-2.08488,-0.010545,-0.29368,0.028029,0.998215,0.320884,0.01478,6,-3.488753,1.898875
1.0068397182,0.2090591128,0.198672,-0.160814,0.130366,0.034048,1,2992585,0,188,0,0,1331917.149058,6414574.571351,-2.084116,-0.005767,-0.159478,0.034414,0.998307,0.178321,0.0148,6,-3.460523,1.899604
1.0068397182,0.2090591128,0.728863,-0.137448,0.248721,0.038136,1,2992606,0,188,0,0,1331917.139511,6414574.553812,-2.083526,-0.006576,-0.136647,0.036289,0.998365,0.156905,0.014815,6,-3.441719,1.900177
1.0068397182,0.2090591128,-0.019149,-0.052232,0.530483,0.04518,1,2992636,0,188,0,0,1331917.125270,6414574.527458,-2.0825,0.012827,-0.053612,0.046973,0.998449,-0.067492,0.014837,6,-3.413533,1.901117
1.0068397182,0.2090591128,1.984328,0.007327,0.649907,0.04697,1,2992646,0,188,0,0,1331917.120556,6414574.518654,-2.082097,0.024086,0.009364,0.049171,0.998476,0.039914,0.014844,6,-3.404149,1.901498
1.0068397182,0.2090591128,-1.156128,-0.049636,0.572175,0.051674,1,2992686,0,188,0,0,1331917.111156,6414574.501030,-2.081246,0.005189,-0.050748,0.05361,0.998528,0.050417,0.014861,6,-3.385397,1.902323
1.0068397182,0.2090591128,-0.539766,0.024584,0.491388,0.053947,1,2992716,0,188,0,0,1331917.101805,6414574.483378,-2.080319,0.031313,0.117892,0.055906,0.998579,-0.154532,0.014877,6,-3.366659,1.903212
1.0068397182,0.2090591128,-0.141225,0.067344,0.544075,0.051284,1,2992756,0,188,0,0,1331917.092482,6414574.465709,-2.079362,0.02075,0.067304,0.05311,0.998628,-0.048615,0.014895,6,-3.347936,1.904158
1.0068397182,0.2090591128,1.262645,0.090252,0.54606,0.050332,1,2992765,0,188,0,0,1331917.087817,6414574.456876,-2.078907,0.026591,0.09116,0.052154,0.998652,-0.094866,0.014903,6,-3.338577,1.904636
1.0068397182,0.2090591128,0.695352,-0.121413,0.39258,0.044959,1,2992806,0,188,0,0,1331917.073826,6414574.430375,-2.077585,0.017877,-0.086125,0.047583,0.998721,0.063589,0.014928,6,-3.310494,1.905976
1.0068397182,0.2090591128,1.794033,-0.062312,0.468175,0.044116,1,2992816,0,188,0,0,1331917.069155,6414574.421545,-2.077177,0.015244,-0.12162,0.046244,0.998743,0.103694,0.014936,6,-3.301134,1.906413
1.0068397182,0.2090591128,1.166899,-0.062312,0.446184,0.044296,1,2992846,0,188,0,0,1331917.059813,6414574.403885,-2.076388,0.025734,-0.06193,0.045775,0.998786,0.025646,0.014952,6,-3.282407,1.907218
1.0068397182,0.2090591128,0.412903,-0.156996,0.254219,0.04444,1,2992886,0,188,0,0,1331917.050480,6414574.386219,-2.075608,0.01489,-0.15705,0.045226,0.998828,0.137609,0.014968,6,-3.263681,1.908003
1.0068397182,0.2090591128,-0.329125,-0.125231,0.422054,0.046805,1,2992916,0,188,0,0,1331917.036515,6414574.359700,-2.074417,0.01452,-0.126468,0.048203,0.998888,0.109809,0.014991,6,-3.235601,1.909175
1.0068397182,0.2090591128,-1.055595,-0.10721,0.506812,0.047232,1,2992926,0,188,0,0,1331917.031875,6414574.350852,-2.074004,0.008184,-0.108226,0.048944,0.998907,0.102653,0.014999,6,-3.226245,1.909581
1.0068397182,0.2090591128,-0.30878,-0.150124,0.484668,0.050271,1,2992956,0,188,0,0,1331917.022609,6414574.333148,-2.073164,-0.001674,-0.150427,0.049518,0.998945,0.162106,0.015015,6,-3.207542,1.910414
1.0068397182,0.2090591128,-0.372211,-0.052843,0.383112,0.051803,1,2992967,0,188,0,0,1331917.017984,6414574.324291,-2.072739,0.0058,-0.039615,0.051829,0.998963,0.038214,0.015023,6,-3.198193,1.910834
1.0068397182,0.2090591128,-1.494828,-0.019857,0.414419,0.056708,1,2993016,0,188,0,0,1331917.008767,6414574.306559,-2.071839,-0.002775,-0.020776,0.054724,0.998999,0.034382,0.015039,6,-3.179503,1.911703
1.0068397182,0.2090591128,0.607985,-0.010235,0.615699,0.057243,1,2993026,0,188,0,0,1331917.004173,6414574.297685,-2.07137,0.000769,-0.009536,0.058764,0.999016,0.016941,0.015047,6,-3.170164,1.912158
1.0068397182,0.2090591128,0,-0.046582,0.600274,0.058559,1,2993086,0,188,0,0,1331916.995029,6414574.279912,-2.070357,-0.002486,-0.04654,0.06056,0.99905,0.059599,0.015064,6,-3.1515,1.913132
1.0068397182,0.2090591128,-0.053857,0.0536,0.507728,0.060503,1,2993136,0,188,0,0,1331916.985914,6414574.262123,-2.069318,0.004448,0.053498,0.062163,0.999083,-0.053897,0.015081,6,-3.132852,1.914161
1.0068397182,0.2090591128,0.356652,-0.003974,0.640286,0.059999,1,2993166,0,188,0,0,1331916.976832,6414574.244317,-2.068247,0.003241,-0.00371,0.062138,0.999114,0.009805,0.015099,6,-3.114214,1.915213
1.0068398840,0.2090586939,0.362636,0.037565,0.602718,0.059978,1,2993196,0,212,0,0,1331914.435855,6414575.902339,1.254023,0.014229,0.046071,0.061886,0.997685,-0.062223,0.015116,6,-3.095587,1.916284
1.0068398840,0.2090586939,-0.047873,0.00809,0.616462,0.059958,1,2993206,0,212,0,0,1331914.438712,6414575.911901,1.254554,0.014207,0.037519,0.061963,0.997725,-0.053631,-0.009743,8,-2.312355,-1.045165
1.0068398840,0.2090586939,0.738438,0.00412,0.651282,0.059212,1,2993226,0,212,0,0,1331914.444413,6414575.931032,1.255615,0.01275,0.004515,0.061391,0.997804,-0.017444,-0.009743,8,-2.329348,-1.044102
1.0068398840,0.2090586939,-2.52529,0.072384,0.551405,0.058945,1,2993266,0,212,0,0,1331914.452935,6414575.959739,1.257187,0.011869,0.053644,0.060874,0.997916,-0.065666,-0.009741,8,-2.354823,-1.042523
1.0068398840,0.2090586939,-0.929929,0.107051,0.545602,0.058672,1,2993296,0,212,0,0,1331914.458595,6414575.978885,1.258231,0.000983,0.106682,0.060787,0.997988,-0.099652,-0.009741,8,-2.371796,-1.041478
1.0068398840,0.2090586939,-0.461973,0.391256,0.790559,0.058549,1,2993306,0,212,0,0,1331914.461417,6414575.988461,1.258752,0.021675,0.39396,0.061375,0.998023,-0.423141,-0.00974,8,-2.38028,-1.040957
1.0068398840,0.2090586939,3.513864,-0.003669,0.216804,0.032753,1,2993466,0,212,0,0,1331914.467043,6414576.007620,1.259804,0.003784,0.311309,0.060502,0.998091,-0.309181,-0.009739,8,-2.397237,-1.039908
1.0068398840,0.2090586939,4.805232,0.329864,0.575687,0.030398,1,2993506,0,212,0,0,1331914.472766,6414576.026749,1.26061,0.046372,0.337667,0.03235,0.998156,-0.410068,-0.009738,8,-2.414186,-1.038864
1.0068398840,0.2090586939,-0.275269,0.269999,0.034919,0.030264,1,2993566,0,212,0,0,1331914.481510,6414576.055392,1.261433,0.004442,0.259019,0.029985,0.998251,-0.146934,-0.009743,8,-2.439778,-1.038027
1.0068398840,0.2090586939,1.322486,0.139885,0.019036,0.030156,1,2993596,0,212,0,0,1331914.487341,6414576.074489,1.26195,0.004977,0.139585,0.030115,0.998311,-0.139546,-0.009747,8,-2.456841,-1.037498
1.0068398840,0.2090586939,-2.423561,0.029318,0.173432,0.03011,1,2993606,0,212,0,0,1331914.490253,6414576.084038,1.262208,-0.012823,0.026096,0.030671,0.99834,-0.139546,-0.009748,8,-2.465372,-1.037238
1.0068398840,0.2090586939,-0.397344,0.24984,0.460997,0.030105,1,2993636,0,212,0,0,1331914.498962,6414576.112698,1.263012,0.014884,0.160941,0.031886,0.998425,-0.178237,-0.009753,8,-2.490955,-1.036446
1.0068398840,0.2090586939,-1.390705,0.209676,0.320651,0.030105,1,2993646,0,212,0,0,1331914.501857,6414576.122254,1.263286,0.020195,0.25024,0.031697,0.998453,-0.178237,-0.009755,8,-2.499479,-1.036175
1.0068398840,0.2090586939,2.041775,0.369723,0.318207,0.030105,1,2993677,0,212,0,0,1331914.507643,6414576.141369,1.263827,0.040853,0.349726,0.031442,0.998506,-0.402273,-0.009758,8,-2.516522,-1.03563
1.0068398840,0.2090586939,1.255464,0.375831,0.366313,0.029472,1,2993715,0,212,0,0,1331914.513421,6414576.160487,1.264365,0.055941,0.376081,0.031341,0.998557,-0.451673,-0.009761,8,-2.533561,-1.03509
1.0068398840,0.2090586939,0.978999,-0.074071,0.219094,0.028675,1,2993726,0,212,0,0,1331914.516305,6414576.170048,1.264634,0.024684,-0.079034,0.030171,0.998582,0.044587,-0.009764,8,-2.550597,-1.034554
1.0068398840,0.2090586939,3.296042,-0.096826,0.265368,0.029462,1,2993756,0,212,0,0,1331914.522080,6414576.189168,1.265146,0.043512,-0.094841,0.02952,0.998631,0.027445,-0.009766,8,-2.559116,-1.034295
1.0068398840,0.2090586939,2.722766,-0.059105,0.089133,0.029447,1,2993766,0,212,0,0,1331914.524965,6414576.198730,1.265399,0.0522,-0.05738,0.029677,0.998655,-0.02522,-0.009768,8,-2.567634,-1.034042
1.0068398840,0.2090586939,0.88445,-0.236714,0.053245,0.028171,1,2993806,0,212,0,0,1331914.533607,6414576.227419,1.266157,0.038259,-0.238726,0.028421,0.998724,0.180523,-0.009773,8,-2.593184,-1.033281
1.0068398840,0.2090586939,6.338359,-0.221748,0.178777,0.03029,1,2993846,0,212,0,0,1331914.542239,6414576.256113,1.266893,0.063474,-0.216702,0.030313,0.998789,0.114372,-0.009779,8,-2.627241,-1.032295
