Lat GPS (deg),Long GPS (deg),Accelerometer Y (rad/s^2),Gyroscope X (rad/s),Gyroscope Z (rad/s),Steering Angle encoder(rad),Speed GPS (m/s),Time (ms),Time,flag,flag,flag,State Estimate X (m),State Estimate Y (m),State Estimate Psi (rad),State Estimate Roll (rad),State Estimate Rollrate (rad/s),State Estimate Delta (rad),State Estimate Velocity (m/s),Steerrate input (rad/s),drct,drct,drct,drct,drct
1.0068375075,0.2090591652,-0.453595,0.011606,-0.096517,0,3,359138,0,0,0,0,0.659932,-0.011399,-0.01427,-0.017177,0.00426,-0.025753,3,0,0,0,0,0,0
1.0068375075,0.2090591652,-0.457185,0.011759,-0.095448,0,3,359148,0,0,0,0,0.689924,-0.012156,-0.014933,-0.017219,0.003001,-0.025547,3,0,0,0,0,0,0
1.0068375075,0.2090591652,-0.445217,0.009774,-0.095142,0,3,359178,0,0,0,0,0.749907,-0.013720,-0.01624,-0.016745,0.00074,-0.025294,3,0,0,0,0,0,0
1.0068375075,0.2090591652,-0.386573,0.005498,-0.097433,0,3,359248,0,0,0,0,0.809888,-0.015354,-0.017529,-0.014256,-0.002001,-0.025505,3,0,0,0,0,0,0
1.0068375075,0.2090591652,-0.461973,0.005956,-0.091324,0,3,359268,0,0,0,0,0.869867,-0.017080,-0.018849,-0.015121,-0.006232,-0.025506,3,0,0,0,0,0,0
1.0068375075,0.2090591652,-0.481122,0.012065,-0.091172,0,3,359308,0,0,0,0,0.959831,-0.019805,-0.020801,-0.018259,-0.002725,-0.024576,3,0,0,0,0,0,0
1.0068375075,0.2090591652,-0.490696,0.008552,-0.097128,0,3,359348,0,0,0,0,1.019804,-0.021715,-0.022097,-0.018625,-0.002772,-0.025852,3,0,0,0,0,0,0
1.0068375075,0.2090591652,-0.482318,0.003207,-0.094684,0,3,359368,0,0,0,0,1.079774,-0.023713,-0.023412,-0.018357,-0.005798,-0.025193,3,0,0,0,0,0,0
1.0068375075,0.2090591652,-0.495483,0.009468,-0.096669,0,3,359398,0,0,0,0,1.139742,-0.025789,-0.024725,-0.018824,-0.003349,-0.025786,3,0,0,0,0,0,0
1.0068375075,0.2090591652,-0.483515,0.007789,-0.099571,0,3,359418,0,0,0,0,1.199707,-0.027955,-0.026061,-0.018285,-0.003302,-0.026384,3,0,0,0,0,0,0
1.0068375075,0.2090591652,-0.445217,0.00336,-0.093768,0,3,359448,0,0,0,0,1.259668,-0.030216,-0.027425,-0.018682,-0.005901,-0.026481,3,0,0,0,0,0,0
1.0068375075,0.2090591652,-0.47035,0.01069,-0.099724,0,3,359498,0,0,0,0,1.349605,-0.033713,-0.029378,-0.017507,-0.002938,-0.026658,3,0,0,0,0,0,0
1.0068375075,0.2090591652,-0.4141,0.007178,-0.095753,0,3,359508,0,0,0,0,1.379582,-0.034934,-0.030064,-0.015706,-0.002306,-0.024895,3,0,0,0,0,0,0
1.0068375075,0.2090591652,-0.406919,0.003512,-0.100182,0,3,359548,0,0,0,0,1.439535,-0.037407,-0.031374,-0.015007,-0.005003,-0.026446,3,0,0,0,0,0,0
1.0068375075,0.2090591652,-0.421281,0.004734,-0.095906,0,3,359588,0,0,0,0,1.499483,-0.039980,-0.032724,-0.015655,-0.005388,-0.025684,3,0,0,0,0,0,0
1.0068375075,0.2090591652,-0.463169,0.002138,-0.092699,0,3,359628,0,0,0,0,1.559429,-0.042618,-0.034047,-0.017504,-0.007618,-0.02502,3,0,0,0,0,0,0
1.0068375075,0.2090591652,-0.44043,0.000305,-0.090408,0,3,359658,0,0,0,0,1.619372,-0.045305,-0.035307,-0.016683,-0.008806,-0.023962,3,0,0,0,0,0,0
1.0068375075,0.2090591652,-0.416493,0.004429,-0.100182,0,3,359668,0,0,0,0,1.649342,-0.046670,-0.035923,-0.015626,-0.007435,-0.025506,3,0,0,0,0,0,0
1.0068375075,0.2090591652,-0.44402,0.002902,-0.104916,0,3,359718,0,0,0,0,1.709278,-0.049524,-0.037293,-0.016427,-0.008035,-0.027897,3,0,0,0,0,0,0
1.0068375075,0.2090591652,-0.402132,-0.001527,-0.097433,0,3,359758,0,0,0,0,1.769210,-0.052468,-0.038673,-0.014884,-0.009847,-0.025766,3,0,0,0,0,0,0
1.0068375075,0.2090591652,-0.438036,-0.000153,-0.094073,0,3,359788,0,0,0,0,1.829139,-0.055466,-0.040001,-0.016402,-0.010479,-0.025297,3,0,0,0,0,0,0
1.0068375075,0.2090591652,-0.44402,-0.001222,-0.090408,0,3,359808,0,0,0,0,1.889064,-0.058521,-0.041283,-0.016792,-0.011072,-0.024163,3,0,0,0,0,0,0
1.0068375075,0.2090591652,-0.429658,-0.005651,-0.085521,0,3,359848,0,0,0,0,1.948987,-0.061616,-0.042493,-0.016343,-0.013618,-0.022719,3,0,0,0,0,0,0
1.0068375075,0.2090591652,-0.44402,-0.000611,-0.100793,0,3,359888,0,0,0,0,2.008906,-0.064804,-0.043746,-0.016565,-0.012317,-0.026578,3,0,0,0,0,0,0
1.0068375075,0.2090591652,-0.436839,-0.009316,-0.100487,0,3,359908,0,0,0,0,2.068818,-0.068126,-0.045114,-0.016292,-0.016986,-0.026621,3,0,0,0,0,0,0
1.0068375075,0.2090591652,-0.422477,-0.000916,-0.096211,0,3,359928,0,0,0,0,2.128725,-0.071519,-0.046457,-0.015741,-0.01311,-0.025527,3,0,0,0,0,0,0
1.0068375075,0.2090591652,-0.418887,-0.005498,-0.094837,0,3,359978,0,0,0,0,2.188629,-0.074973,-0.047764,-0.015636,-0.014587,-0.025183,3,0,0,0,0,0,0
1.0068375075,0.2090591652,-0.436839,-0.007636,-0.095753,0,3,360008,0,0,0,0,2.278478,-0.080275,-0.049674,-0.016481,-0.016677,-0.024973,3,0,0,0,0,0,0
1.0068375075,0.2090591652,-0.439233,-0.010385,-0.097128,0,3,360018,0,0,0,0,2.308425,-0.082084,-0.050317,-0.016485,-0.018295,-0.025585,3,0,0,0,0,0,0
1.0068375075,0.2090591652,-0.412903,-0.011148,-0.099418,0,3,360048,0,0,0,0,2.368315,-0.085776,-0.051638,-0.015322,-0.019955,-0.02613,3,0,0,0,0,0,0
1.0068375075,0.2090591652,-0.428462,-0.010232,-0.096669,0,3,360058,0,0,0,0,2.398258,-0.087658,-0.05231,-0.016539,-0.020238,-0.026715,3,0,0,0,0,0,0
1.0068375075,0.2090591652,-0.471547,-0.011912,-0.090408,0,3,360108,0,0,0,0,2.488078,-0.093431,-0.05434,-0.017772,-0.021109,-0.025047,3,0,0,0,0,0,0
1.0068375075,0.2090591652,-0.471547,-0.01237,-0.088575,0,3,360118,0,0,0,0,2.518016,-0.095380,-0.054985,-0.017995,-0.021722,-0.023947,3,0,0,0,0,0,0
1.0068375075,0.2090591623,-0.467957,-0.01405,-0.09331,0,3,360148,23,23,23,23,2.577891,-0.099301,-0.056207,-0.018191,-0.024711,-0.02336,3,0,0,0,0,0,0
1.0068375075,0.2090591623,-0.476334,-0.013744,-0.09896,0,3,360158,23,23,23,23,2.607827,-0.101285,-0.056809,-0.017884,-0.024585,-0.024247,3,0,0,0,0,0,0
1.0068375075,0.2090591623,-0.450004,-0.009927,-0.098807,0,3,360188,23,23,23,23,2.667693,-0.105349,-0.058098,-0.017062,-0.022746,-0.025632,3,0,0,0,0,0,0
1.0068375075,0.2090591623,-0.481122,-0.012675,-0.100029,0,3,360228,23,23,23,23,2.727551,-0.109521,-0.059447,-0.018158,-0.02356,-0.026636,3,0,0,0,0,0,0
1.0068375075,0.2090591623,-0.484712,-0.017868,-0.094684,0,3,360278,23,23,23,23,2.787404,-0.113773,-0.060791,-0.018478,-0.026732,-0.025211,3,0,0,0,0,0,0
1.0068375075,0.2090591623,-0.518223,-0.008705,-0.09163,0,3,360308,23,23,23,23,2.877174,-0.120283,-0.062776,-0.019894,-0.023304,-0.024752,3,0,0,0,0,0,0
1.0068375075,0.2090591623,-0.54934,-0.012523,-0.092852,0,3,360318,23,23,23,23,2.907095,-0.122481,-0.063414,-0.021071,-0.023952,-0.025206,3,0,0,0,0,0,0
1.0068375075,0.2090591623,-0.495483,-0.015272,-0.098044,0,3,360349,23,23,23,23,2.996848,-0.129208,-0.065362,-0.019126,-0.025325,-0.025215,3,0,0,0,0,0,0
1.0068375075,0.2090591623,-0.531388,-0.012828,-0.098807,0,3,360358,23,23,23,23,3.026763,-0.131489,-0.066012,-0.020189,-0.025335,-0.026467,3,0,0,0,0,0,0
1.0068375075,0.2090591623,-0.59482,-0.00336,-0.091324,0,3,360389,23,23,23,23,3.086586,-0.136143,-0.067376,-0.020977,-0.025839,-0.026279,3,0,0,0,0,0,0
1.0068375075,0.2090591623,-0.59482,-0.00336,-0.091324,0,3,360398,23,23,23,23,3.116495,-0.138498,-0.068053,-0.022838,-0.022263,-0.02559,3,0,0,0,0,0,0
1.0068375075,0.2090591623,-0.507452,-0.010079,-0.090408,0,3,360428,23,23,23,23,3.206220,-0.145600,-0.069919,-0.019673,-0.020479,-0.023451,3,0,0,0,0,0,0
1.0068375075,0.2090591623,-0.52301,-0.006872,-0.093768,0,3,360438,23,23,23,23,3.236125,-0.147995,-0.070522,-0.020079,-0.01974,-0.024733,3,0,0,0,0,0,0
1.0068375075,0.2090591623,-0.534979,-0.006567,-0.104458,0,3,360478,23,23,23,23,3.325830,-0.155341,-0.072435,-0.020495,-0.018391,-0.026885,3,0,0,0,0,0,0
1.0068375075,0.2090591623,-0.506255,-0.005803,-0.104916,0,3,360498,23,23,23,23,3.385621,-0.160392,-0.073824,-0.019185,-0.017544,-0.027577,3,0,0,0,0,0,0
1.0068375075,0.2090591623,-0.473941,-0.001833,-0.089644,0,3,360528,23,23,23,23,3.475292,-0.168157,-0.075971,-0.020908,-0.018821,-0.025798,3,0,0,0,0,0,0
1.0068375075,0.2090591623,-0.51942,-0.001374,-0.091477,0,3,360538,23,23,23,23,3.505180,-0.170762,-0.076635,-0.018529,-0.015402,-0.023103,3,0,0,0,0,0,0
1.0068375075,0.2090591623,-0.488303,-0.004123,-0.085216,0,3,360568,23,23,23,23,3.564956,-0.175982,-0.077864,-0.018974,-0.014301,-0.022692,3,0,0,0,0,0,0
1.0068375075,0.2090591623,-0.52301,-0.006872,-0.092852,0,3,360578,23,23,23,23,3.594842,-0.178604,-0.078448,-0.020007,-0.016201,-0.024693,3,0,0,0,0,0,0
1.0068375075,0.2090591623,-0.507452,-0.007025,-0.087506,0,3,360608,23,23,23,23,3.654608,-0.183938,-0.079686,-0.019632,-0.017063,-0.023242,3,0,0,0,0,0,0
1.0068375075,0.2090591623,-0.605591,0.00168,-0.091477,0,3,360618,23,23,23,23,3.684489,-0.186622,-0.080284,-0.023054,-0.015669,-0.025705,3,0,0,0,0,0,0
1.0068375075,0.2090591623,-0.663038,-0.002443,-0.102931,0,3,360638,23,23,23,23,3.744239,-0.192140,-0.08167,-0.025828,-0.016457,-0.027692,3,0,0,0,0,0,0
1.0068375075,0.2090591623,-0.484712,-0.015577,-0.115759,0.000028,3,360688,23,23,23,23,3.803980,-0.197751,-0.083075,-0.018268,-0.021949,-0.029286,3,0,0,0,0,0,0
1.0068375075,0.2090591623,-0.610378,0.003665,-0.093615,0.000057,3,360738,23,23,23,23,3.863710,-0.203483,-0.084552,-0.023627,-0.014542,-0.025983,3,0,0,0,0,0,0
1.0068375075,0.2090591623,-0.457185,0.001527,-0.070708,0.000481,3,360778,23,23,23,23,3.923446,-0.209130,-0.085685,-0.01802,-0.008934,-0.018177,3,0,0,0,0,0,0
1.0068375075,0.2090591623,-0.635511,-0.012065,-0.129962,0.000623,3,360808,23,23,23,23,3.983175,-0.214855,-0.086849,-0.016294,-0.010728,-0.029534,3,0,0,0,0,0,0
1.0068375075,0.2090591623,-0.635511,-0.012065,-0.129962,0.000623,3,360818,23,23,23,23,4.013030,-0.217833,-0.087609,-0.022926,-0.019269,-0.036432,3,0,0,0,0,0,0
1.0068375075,0.2090591623,-0.764768,-0.009163,-0.112246,0.000623,3,360838,23,23,23,23,4.072736,-0.223803,-0.089008,0.003541,0.003292,-0.023168,3,0,0,0,0,0,0
1.0068375075,0.2090591623,-0.579261,0.01237,-0.099113,0.000623,3,360878,23,23,23,23,4.132423,-0.229982,-0.090683,-0.022471,-0.008961,-0.028732,3,0,0,0,0,0,0
1.0068375075,0.2090591623,-0.379392,0.017562,-0.072998,0.000651,3,360898,23,23,23,23,4.192120,-0.236034,-0.091889,-0.014635,0.004214,-0.018555,3,0,0,0,0,0,0
1.0068375075,0.2090591623,-0.696549,0.020311,-0.098807,0.001528,3,360928,23,23,23,23,4.281671,-0.245035,-0.093309,-0.023974,0.000652,-0.033405,3,0,0,0,0,0,0
1.0068375075,0.2090591623,-0.527798,0.022144,-0.105985,0.001925,3,360938,23,23,23,23,4.311501,-0.248256,-0.094169,-0.020551,0.005675,-0.027441,3,0,0,0,0,0,0
1.0068375075,0.2090591623,-0.177129,0.023976,-0.105069,0.002519,3,360968,23,23,23,23,4.371175,-0.254536,-0.095419,-0.005506,0.015387,-0.024871,3,0,0,0,0,0,0
1.0068375075,0.2090591623,-0.54934,0.012981,-0.112094,0.002519,3,360978,23,23,23,23,4.401008,-0.257711,-0.096059,-0.018422,0.005126,-0.034411,3,0,0,0,0,0,0
1.0068375075,0.2090591623,-0.331519,0.006872,-0.112705,0.002519,3,360998,23,23,23,23,4.460652,-0.264281,-0.097656,-0.011694,0.001548,-0.028447,3,0,0,0,0,0,0
1.0068375075,0.2090591623,-0.463169,0.006109,-0.107512,0.002519,3,361028,23,23,23,23,4.520291,-0.270900,-0.099167,-0.017079,-0.00367,-0.028752,3,0,0,0,0,0,0
1.0068375075,0.2090591623,-0.88804,0.01069,-0.103847,0.002519,3,361058,23,23,23,23,4.579913,-0.277670,-0.100804,-0.034961,-0.008421,-0.029885,3,0,0,0,0,0,0
1.0068375075,0.2090591623,-0.557718,-0.002596,-0.105832,0.002519,3,361098,23,23,23,23,4.639539,-0.284396,-0.10215,-0.021857,-0.009774,-0.025356,3,0,0,0,0,0,0
1.0068375278,0.2090591448,0.014362,-0.014355,-0.104763,0.002519,3,361138,47,47,47,47,4.728956,-0.294671,-0.104249,-0.001703,-0.009327,-0.015196,3,0,0,0,0,0,0
1.0068375278,0.2090591448,0.07899,-0.028253,-0.09728,0.002519,3,361168,47,47,47,47,4.788581,-0.301388,-0.105183,0.005276,-0.016688,-0.024816,3,0,0,0,0,0,0
1.0068375278,0.2090591448,0.07899,-0.028253,-0.09728,0.002519,3,361178,47,47,47,47,4.818382,-0.304853,-0.105822,0.005602,-0.022494,-0.024777,3,0,0,0,0,0,0
1.0068375278,0.2090591448,0.177129,-0.034972,-0.090255,0.002519,3,361219,47,47,47,47,4.877984,-0.311775,-0.106968,0.01069,-0.029713,-0.024889,3,0,0,0,0,0,0
1.0068375278,0.2090591448,-0.642692,-0.030696,-0.090408,0.002547,3,361248,47,47,47,47,4.937572,-0.318819,-0.108223,-0.019671,-0.046266,-0.037598,3,0,0,0,0,0,0
1.0068375278,0.2090591448,-1.099878,-0.044135,-0.095753,0.002576,3,361258,47,47,47,47,4.967345,-0.322537,-0.109191,-0.040678,-0.05883,-0.037678,3,0,0,0,0,0,0
1.0068375278,0.2090591448,0.828199,-0.044288,-0.088423,0.00266,3,361298,47,47,47,47,5.026940,-0.329507,-0.110008,0.03508,-0.030011,-0.010973,3,0,0,0,0,0,0
1.0068375278,0.2090591448,-0.582851,-0.066279,-0.104611,0.00266,3,361318,47,47,47,47,5.086496,-0.336835,-0.111491,-0.020828,-0.071898,-0.03483,3,0,0,0,0,0,0
1.0068375278,0.2090591448,-0.30878,-0.079871,-0.098044,0.00266,3,361348,47,47,47,47,5.175814,-0.347943,-0.113569,-0.009843,-0.077207,-0.027889,3,0,0,0,0,0,0
1.0068375278,0.2090591448,-1.023281,-0.085063,-0.098502,0.00266,3,361358,47,47,47,47,5.205580,-0.351697,-0.114287,-0.03652,-0.095463,-0.038532,3,0,0,0,0,0,0
1.0068375278,0.2090591448,-0.494287,-0.040775,-0.084605,0.00266,3,361408,47,47,47,47,5.265089,-0.359399,-0.11597,-0.034785,-0.095153,-0.02485,3,0,0,0,0,0,0
1.0068375278,0.2090591448,-0.494287,-0.040775,-0.084605,0.002774,3,361428,47,47,47,47,5.324624,-0.366875,-0.117013,-0.01972,-0.06396,-0.01901,3,0,0,0,0,0,0
1.0068375278,0.2090591448,-0.630724,-0.079107,-0.08491,0.002943,3,361438,47,47,47,47,5.354391,-0.370619,-0.117503,-0.024428,-0.075957,-0.023009,3,0,0,0,0,0,0
1.0068375278,0.2090591448,-0.773146,-0.083994,-0.088423,0.004359,3,361468,47,47,47,47,5.413903,-0.378280,-0.11874,-0.031081,-0.090612,-0.023141,3,0,0,0,0,0,0
1.0068375278,0.2090591448,-0.786311,-0.078802,-0.082772,0.004896,3,361478,47,47,47,47,5.443656,-0.382128,-0.119336,-0.031815,-0.091196,-0.021185,3,0,0,0,0,0,0
1.0068375278,0.2090591448,-0.736044,-0.078343,-0.078649,0.006425,3,361508,47,47,47,47,5.503167,-0.389791,-0.120358,-0.030036,-0.09029,-0.018562,3,0,0,0,0,0,0
1.0068375278,0.2090591448,-0.980196,-0.062766,-0.076511,0.00934,3,361548,47,47,47,47,5.562669,-0.397525,-0.121405,-0.040208,-0.084366,-0.018838,3,0,0,0,0,0,0
1.0068375278,0.2090591448,-1.27581,-0.037874,-0.07086,0.01084,3,361568,47,47,47,47,5.622163,-0.405317,-0.122441,-0.052927,-0.069154,-0.017415,3,0,0,0,0,0,0
1.0068375278,0.2090591448,-1.141766,0.005651,-0.112246,0.018765,3,361618,47,47,47,47,5.681659,-0.413086,-0.123309,-0.054434,-0.058436,-0.015545,3,0,0,0,0,0,0
1.0068375278,0.2090591448,-1.141766,0.005651,-0.112246,0.022472,3,361638,47,47,47,47,5.741149,-0.420907,-0.124181,-0.047127,-0.028627,-0.021165,3,0,0,0,0,0,0
1.0068375278,0.2090591448,-1.011313,0.018326,-0.098655,0.027397,3,361668,47,47,47,47,5.800625,-0.428838,-0.125161,-0.041854,-0.008142,-0.017164,3,0,0,0,0,0,0
1.0068375278,0.2090591448,-0.871285,0.029169,-0.074984,0.02884,3,361678,47,47,47,47,5.830363,-0.432800,-0.125603,-0.037106,0.003078,-0.010074,3,0,0,0,0,0,0
1.0068375278,0.2090591448,-0.834184,0.029169,-0.069944,0.034671,3,361728,47,47,47,47,5.889859,-0.440560,-0.126081,-0.035071,0.012208,-0.007886,3,0,0,0,0,0,0
1.0068375278,0.2090591448,-0.676203,0.0562,-0.070555,0.038095,3,361758,47,47,47,47,5.949362,-0.448273,-0.126411,-0.02846,0.034726,-0.00614,3,0,0,0,0,0,0
1.0068375278,0.2090591448,-0.467957,0.03879,-0.078649,0.039256,3,361768,47,47,47,47,5.979112,-0.452133,-0.126569,-0.020801,0.035583,-0.00447,3,0,0,0,0,0,0
1.0068375278,0.2090591448,-0.169948,0.042761,-0.077122,0.041718,3,361798,47,47,47,47,6.038622,-0.459786,-0.126722,-0.006987,0.040145,-0.005642,3,0,0,0,0,0,0
1.0068375278,0.2090591448,-0.497877,0.046884,-0.058643,0.042114,3,361808,47,47,47,47,6.068373,-0.463649,-0.126867,-0.018702,0.036256,-0.009106,3,0,0,0,0,0,0
1.0068375278,0.2090591448,-0.412903,0.047189,-0.051618,0.042822,3,361858,47,47,47,47,6.127871,-0.471390,-0.127157,-0.017584,0.040001,-0.001006,3,0,0,0,0,0,0
1.0068375278,0.2090591448,-0.193885,0.022144,-0.053451,0.043558,3,361898,47,47,47,47,6.187390,-0.478977,-0.12711,-0.008585,0.028717,0.000566,3,0,0,0,0,0,0
1.0068375278,0.2090591448,-0.566096,0.036805,-0.069944,0.043699,3,361928,47,47,47,47,6.276655,-0.490456,-0.127246,-0.023451,0.030127,-0.005284,3,0,0,0,0,0,0
1.0068375278,0.2090591448,-0.482318,0.039706,-0.043219,0.043784,3,361938,47,47,47,47,6.306404,-0.494330,-0.127382,-0.021158,0.032548,0.00144,3,0,0,0,0,0,0
1.0068375278,0.2090591448,-0.721682,0.022755,-0.061392,0.045369,3,361988,47,47,47,47,6.395673,-0.505777,-0.127412,-0.030873,0.016762,-0.001602,3,0,0,0,0,0,0
1.0068375278,0.2090591448,-0.149602,0.03146,-0.055894,0.045879,3,362008,47,47,47,47,6.455198,-0.513307,-0.127218,-0.007144,0.029301,0.003174,3,0,0,0,0,0,0
1.0068375278,0.2090591448,-0.791098,0.026573,-0.066279,0.04602,3,362028,47,47,47,47,6.514698,-0.521038,-0.127462,-0.0328,0.015436,-0.007138,3,0,0,0,0,0,0
1.0068375278,0.2090591448,-0.141225,0.024435,-0.037721,0.046813,3,362058,47,47,47,47,6.574220,-0.528603,-0.127326,-0.007283,0.025797,0.007978,3,0,0,0,0,0,0
1.0068375278,0.2090591448,-0.83538,0.027642,-0.045204,0.047633,3,362088,47,47,47,47,6.633735,-0.536214,-0.127322,-0.035174,0.01478,-0.001542,3,0,0,0,0,0,0
1.0068375278,0.2090591448,-0.871285,0.011759,-0.058948,0.048596,3,362118,47,47,47,47,6.723018,-0.547551,-0.127143,-0.034769,0.007154,-0.00665,3,0,0,0,0,0,0
1.0068375278,0.2090591448,-0.296811,0.018173,-0.051618,0.049388,3,362128,47,47,47,47,6.752765,-0.551440,-0.127314,-0.016322,0.016385,0.008535,3,0,0,0,0,0,0
1.0068376325,0.2090590634,-0.171145,0.006414,-0.084452,0.05219,3,362158,71,71,71,71,6.812297,-0.558924,-0.127056,-0.010127,0.005775,-0.001955,3,0,0,0,0,0,0
1.0068376325,0.2090590634,0.025133,0.014661,-0.067348,0.052756,3,362168,71,71,71,71,6.842052,-0.562750,-0.127106,-0.007402,0.005417,-0.003797,3,0,0,0,0,0,0
1.0068376325,0.2090590634,-0.001197,0.004581,-0.090255,0.053067,3,362198,71,71,71,71,6.901564,-0.570387,-0.127163,0.00035,0.007987,-0.00505,3,0,0,0,0,0,0
1.0068376325,0.2090590634,0.204656,-0.00504,-0.045968,0.053067,3,362228,71,71,71,71,6.961080,-0.577994,-0.12715,0.00813,0.003802,0.005176,3,0,0,0,0,0,0
1.0068376325,0.2090590634,-0.118485,-0.052534,-0.026267,0.053067,3,362258,71,71,71,71,7.050387,-0.589138,-0.12663,-0.007955,-0.037606,0.009516,3,0,0,0,0,0,0
1.0068376325,0.2090590634,0.117288,-0.034208,-0.012523,0.053067,3,362268,71,71,71,71,7.080162,-0.592807,-0.126385,-0.006455,-0.04262,0.010606,3,0,0,0,0,0,0
1.0068376325,0.2090590634,-0.061038,-0.049022,-0.040928,0.053294,3,362298,71,71,71,71,7.139729,-0.600010,-0.125672,-0.002613,-0.041979,0.006351,3,0,0,0,0,0,0
1.0068376325,0.2090590634,-0.045479,-0.062308,-0.049633,0.053633,3,362308,71,71,71,71,7.169503,-0.603690,-0.125508,-0.002548,-0.049759,0.00449,3,0,0,0,0,0,0
1.0068376325,0.2090590634,-0.62115,-0.089339,-0.031307,0.055332,3,362358,71,71,71,71,7.258800,-0.614916,-0.125437,-0.025119,-0.087076,0.001251,3,0,0,0,0,0,0
1.0068376325,0.2090590634,-0.586442,-0.064904,-0.001527,0.055332,3,362368,71,71,71,71,7.288566,-0.618653,-0.125405,-0.026337,-0.079463,0.013123,3,0,0,0,0,0,0
1.0068376325,0.2090590634,-1.109452,-0.075747,-0.003665,0.056266,3,362408,71,71,71,71,7.377930,-0.629348,-0.124327,-0.045798,-0.089796,0.007672,3,0,0,0,0,0,0
1.0068376325,0.2090590634,-0.817428,-0.075289,0.002902,0.059266,3,362438,71,71,71,71,7.437512,-0.636432,-0.123615,-0.037284,-0.082371,0.019872,3,0,0,0,0,0,0
1.0068376325,0.2090590634,-1.297353,-0.038026,-0.001222,0.067417,3,362478,71,71,71,71,7.497104,-0.643426,-0.122825,-0.056871,-0.066103,0.015966,3,0,0,0,0,0,0
1.0068376325,0.2090590634,-0.801869,0.07086,0.039401,0.081229,3,362528,71,71,71,71,7.556711,-0.650296,-0.121874,-0.049818,-0.038169,0.020036,3,0,0,0,0,0,0
1.0068376325,0.2090590634,-0.992164,0.066432,0.024587,0.087229,3,362548,71,71,71,71,7.616357,-0.656845,-0.120394,-0.044593,0.025946,0.032068,3,0,0,0,0,0,0
1.0068376325,0.2090590634,-0.91437,0.08323,0.03879,0.10121,3,362588,71,71,71,71,7.676033,-0.663139,-0.118593,-0.042944,0.059827,0.040857,3,0,0,0,0,0,0
1.0068376325,0.2090590634,-0.886844,0.193644,0.063072,0.116579,3,362638,71,71,71,71,7.765593,-0.672156,-0.115468,-0.044277,0.144919,0.05508,3,0,0,0,0,0,0
1.0068376325,0.2090590634,-1.005329,0.210443,0.078191,0.119494,3,362648,71,71,71,71,7.795475,-0.674913,-0.11405,-0.047453,0.168235,0.0553,3,0,0,0,0,0,0
1.0068376325,0.2090590634,-0.203459,0.22434,0.0956,0.127786,3,362678,71,71,71,71,7.855277,-0.680049,-0.110706,-0.015314,0.214789,0.067485,3,0,0,0,0,0,0
1.0068376325,0.2090590634,-0.777933,0.245415,0.107054,0.136532,3,362718,71,71,71,71,7.915091,-0.685037,-0.107485,-0.038584,0.229992,0.06405,3,0,0,0,0,0,0
1.0068376325,0.2090590634,-0.341094,0.282372,0.066584,0.140211,3,362738,71,71,71,71,7.974930,-0.689747,-0.104087,-0.020429,0.269219,0.062749,3,0,0,0,0,0,0
1.0068376325,0.2090590634,1.229134,0.294132,0.063835,0.143494,3,362778,71,71,71,71,8.034808,-0.694019,-0.100211,0.04532,0.313072,0.070992,3,0,0,0,0,0,0
1.0068376325,0.2090590634,0.333913,0.295964,0.124769,0.14307,3,362848,71,71,71,71,8.094678,-0.698302,-0.09684,0.00891,0.305314,0.070218,3,0,0,0,0,0,0
1.0068376325,0.2090590634,1.267432,0.20128,0.088728,0.143013,3,362878,71,71,71,71,8.184524,-0.704198,-0.091495,0.046104,0.267134,0.065808,3,0,0,0,0,0,0
1.0068376325,0.2090590634,1.455333,0.164628,0.088423,0.1429,3,362888,71,71,71,71,8.214476,-0.706102,-0.089801,0.047964,0.252449,0.067721,3,0,0,0,0,0,0
1.0068376325,0.2090590634,1.153734,0.14279,0.086743,0.142164,3,362928,71,71,71,71,8.274396,-0.709669,-0.086239,0.045136,0.203611,0.062818,3,0,0,0,0,0,0
1.0068376325,0.2090590634,0.423674,0.176998,0.15852,0.138909,3,362958,71,71,71,71,8.364319,-0.714368,-0.08039,0.017343,0.192169,0.067348,3,0,0,0,0,0,0
1.0068376325,0.2090590634,0.542159,0.171042,0.171806,0.137721,3,362968,71,71,71,71,8.394291,-0.715920,-0.078656,0.015936,0.19285,0.082447,3,0,0,0,0,0,0
1.0068376325,0.2090590634,0.971818,0.149815,0.171959,0.136164,3,363018,71,71,71,71,8.454285,-0.718326,-0.07412,0.033088,0.186553,0.090091,3,0,0,0,0,0,0
1.0068376325,0.2090590634,1.383524,0.190132,0.153174,0.136164,3,363038,71,71,71,71,8.514295,-0.720380,-0.069435,0.051324,0.211918,0.085849,3,0,0,0,0,0,0
1.0068376325,0.2090590634,0.247742,0.183412,0.110567,0.136164,3,363068,71,71,71,71,8.574279,-0.722678,-0.065802,0.00571,0.193816,0.064521,3,0,0,0,0,0,0
1.0068376325,0.2090590634,0.91437,0.142026,0.130572,0.136164,3,363078,71,71,71,71,8.604268,-0.723827,-0.064141,0.028025,0.19091,0.084551,3,0,0,0,0,0,0
1.0068376325,0.2090590634,1.248283,0.147371,0.125227,0.136164,3,363108,71,71,71,71,8.664285,-0.725448,-0.059781,0.046024,0.184715,0.078627,3,0,0,0,0,0,0
1.0068378536,0.2090588568,0.982589,0.154702,0.108123,0.136164,3,363149,95,95,95,95,8.724294,-0.727067,-0.055936,0.034198,0.214545,0.072989,3,0,0,0,0,0,0
1.0068378536,0.2090588568,1.205198,0.153174,0.1237,0.136164,3,363168,95,95,95,95,8.784304,-0.728520,-0.052213,0.043389,0.195804,0.077827,3,0,0,0,0,0,0
1.0068378536,0.2090588568,1.402673,0.156992,0.135918,0.135739,3,363188,95,95,95,95,8.844330,-0.729553,-0.048103,0.052809,0.192708,0.079361,3,0,0,0,0,0,0
1.0068378536,0.2090588568,1.142963,0.169668,0.113621,0.133277,3,363219,95,95,95,95,8.904356,-0.730413,-0.044143,0.047296,0.209781,0.074815,3,0,0,0,0,0,0
1.0068378536,0.2090588568,1.142963,0.169668,0.113621,0.132485,3,363228,95,95,95,95,8.934369,-0.730782,-0.042217,0.043342,0.202871,0.069779,3,0,0,0,0,0,0
1.0068378536,0.2090588568,1.932864,0.071624,0.062003,0.13189,3,363258,95,95,95,95,8.994395,-0.731397,-0.038459,0.057444,0.18678,0.072678,3,0,0,0,0,0,0
1.0068378536,0.2090588568,1.549882,0.071319,0.071471,0.131862,3,363268,95,95,95,95,9.024408,-0.731622,-0.036588,0.073947,0.159821,0.068763,3,0,0,0,0,0,0
1.0068378536,0.2090588568,2.017839,0.07254,0.087659,0.129003,3,363298,95,95,95,95,9.084427,-0.732165,-0.033365,0.077949,0.128827,0.068986,3,0,0,0,0,0,0
1.0068378536,0.2090588568,1.767703,0.048717,0.105985,0.119126,3,363338,95,95,95,95,9.144451,-0.732409,-0.02993,0.069993,0.098246,0.064588,3,0,0,0,0,0,0
1.0068378536,0.2090588568,1.415838,-0.008399,0.122478,0.112673,3,363378,95,95,95,95,9.204473,-0.732543,-0.026681,0.054795,0.047508,0.065448,3,0,0,0,0,0,0
1.0068378536,0.2090588568,0.326732,0.074067,0.112857,0.111994,3,363428,95,95,95,95,9.264490,-0.732666,-0.023807,0.009716,0.065301,0.057632,3,0,0,0,0,0,0
1.0068378536,0.2090588568,0.664235,0.064904,0.08491,0.111994,3,363448,95,95,95,95,9.324509,-0.732509,-0.020701,0.022778,0.079395,0.059576,3,0,0,0,0,0,0
1.0068378536,0.2090588568,0.783917,0.114079,0.093615,0.111994,3,363458,95,95,95,95,9.354519,-0.732369,-0.019167,0.027481,0.102465,0.061898,3,0,0,0,0,0,0
1.0068378536,0.2090588568,0.728863,0.087965,0.071471,0.111965,3,363498,95,95,95,95,9.414539,-0.731778,-0.015758,0.030122,0.111885,0.047342,3,0,0,0,0,0,0
1.0068378536,0.2090588568,0.47035,0.068111,0.067348,0.111909,3,363528,95,95,95,95,9.474551,-0.731503,-0.013371,0.015825,0.091227,0.049994,3,0,0,0,0,0,0
1.0068378536,0.2090588568,0.508649,0.168752,0.114079,0.111852,3,363538,95,95,95,95,9.504556,-0.731265,-0.012084,0.01647,0.129249,0.061715,3,0,0,0,0,0,0
1.0068378536,0.2090588568,0.599607,0.195782,0.106291,0.111173,3,363568,95,95,95,95,9.564571,-0.730336,-0.008847,0.020227,0.183096,0.06284,3,0,0,0,0,0,0
1.0068378536,0.2090588568,0.28604,0.160505,0.104458,0.111116,3,363578,95,95,95,95,9.594577,-0.729798,-0.00723,0.008882,0.175897,0.05646,3,0,0,0,0,0,0
1.0068378536,0.2090588568,0.690565,0.164628,0.098807,0.111116,3,363608,95,95,95,95,9.684589,-0.727675,-0.001941,0.028061,0.178839,0.052544,3,0,0,0,0,0,0
1.0068378536,0.2090588568,0.827003,0.185398,0.073457,0.111116,3,363618,95,95,95,95,9.714591,-0.727062,-0.000588,0.030414,0.189613,0.054355,3,0,0,0,0,0,0
1.0068378536,0.2090588568,1.238709,0.221439,0.082467,0.11106,3,363648,95,95,95,95,9.774590,-0.725559,0.002426,0.047827,0.228403,0.058349,3,0,0,0,0,0,0
1.0068378536,0.2090588568,1.77249,0.194255,0.036346,0.097503,3,363708,95,95,95,95,9.834586,-0.723899,0.005386,0.071433,0.229161,0.048007,3,0,0,0,0,0,0
1.0068378536,0.2090588568,0.853333,0.126602,0.040775,0.08103,3,363728,95,95,95,95,9.894579,-0.722609,0.007259,0.03434,0.167379,0.032786,3,0,0,0,0,0,0
1.0068378536,0.2090588568,1.567834,0.091172,0.032987,0.059266,3,363748,95,95,95,95,9.954570,-0.721179,0.009212,0.063484,0.140515,0.035272,3,0,0,0,0,0,0
1.0068378536,0.2090588568,0.876072,0.03879,0.010079,0.020689,3,363778,95,95,95,95,10.014561,-0.720021,0.010377,0.036741,0.079219,0.013935,3,0,0,0,0,0,0
1.0068378536,0.2090588568,1.123814,-0.039859,-0.149967,0.006566,3,363788,95,95,95,95,10.044558,-0.719531,0.010735,0.047897,0.037316,-0.017107,3,0,0,0,0,0,0
1.0068378536,0.2090588568,0.183113,-0.072235,-0.209069,-0.074323,3,363838,95,95,95,95,10.104565,-0.719882,0.008757,0.015129,-0.046748,-0.075589,3,0,0,0,0,0,0
1.0068378536,0.2090588568,0.581655,-0.341016,-0.3514,-0.10738,3,363858,95,95,95,95,10.164580,-0.721610,0.004337,0.035199,-0.224522,-0.119311,3,0,0,0,0,0,0
1.0068378536,0.2090588568,1.543898,-0.331547,-0.303295,-0.122749,3,363868,95,95,95,95,10.194586,-0.723004,0.001265,0.069858,-0.255125,-0.101286,3,0,0,0,0,0,0
1.0068378536,0.2090588568,0.317157,-0.372781,-0.343459,-0.137296,3,363878,95,95,95,95,10.224588,-0.724261,-0.001342,0.032018,-0.321889,-0.143785,3,0,0,0,0,0,0
1.0068378536,0.2090588568,-0.713305,-0.368352,-0.3598,-0.197722,3,363978,95,95,95,95,10.284575,-0.728362,-0.009218,-0.016271,-0.381034,-0.149115,3,0,0,0,0,0,0
1.0068378536,0.2090588568,-1.648021,-0.317497,-0.615294,-0.158778,3,364038,95,95,95,95,10.344516,-0.733745,-0.018716,-0.049525,-0.38773,-0.223722,3,0,0,0,0,0,0
1.0068378536,0.2090588568,-2.147095,-0.123853,-0.459523,-0.105541,3,364088,95,95,95,95,10.404389,-0.740338,-0.029391,-0.075696,-0.25936,-0.16511,3,0,0,0,0,0,0
1.0068378536,0.2090588568,-0.874875,0.044135,-0.406836,-0.08004,3,364108,95,95,95,95,10.464245,-0.745897,-0.036784,-0.025582,-0.080491,-0.130637,3,0,0,0,0,0,0
1.0068381474,0.2090585427,-0.160374,0.101098,-0.372475,-0.018142,3,364258,118,118,118,118,3.998612,-0.241109,0.902458,0.003162,0.025422,-0.105632,1.571472,0,0,0,0,0,0
1.0068381474,0.2090585427,2.086057,-0.056505,-0.279929,-0.019755,3,364288,118,118,118,118,4.019742,-0.217587,0.898499,0.093961,-0.00021,-0.067093,1.596861,0,0,0,0,0,0
1.0068381474,0.2090585427,2.805346,-0.132252,-0.264963,-0.019868,3,364298,118,118,118,118,4.030358,-0.205627,0.896772,0.121627,-0.034767,-0.060829,1.609385,0,0,0,0,0,0
1.0068381474,0.2090585427,1.499615,-0.158672,-0.266032,-0.021652,3,364338,118,118,118,118,4.052085,-0.181630,0.892797,0.072866,-0.119377,-0.08346,1.6341,0,0,0,0,0,0
1.0068381474,0.2090585427,1.415838,-0.261908,-0.155618,-0.021538,3,364388,118,118,118,118,4.074103,-0.157245,0.889135,0.065158,-0.202493,-0.050394,1.658376,0,0,0,0,0,0
1.0068381474,0.2090585427,-0.090958,-0.218842,-0.097891,-0.015849,3,364428,118,118,118,118,4.096215,-0.132321,0.886227,0.001108,-0.227995,-0.042847,1.682221,0,0,0,0,0,0
1.0068381474,0.2090585427,-1.525945,-0.174097,-0.123242,-0.002547,3,364488,118,118,118,118,4.118626,-0.107034,0.883501,-0.060163,-0.221217,-0.046124,1.705641,0,0,0,0,0,0
1.0068381474,0.2090585427,-0.33511,-0.060781,-0.152258,-0.003906,3,364528,118,118,118,118,4.141024,-0.081137,0.881764,-0.012033,-0.117364,-0.033015,1.728645,0,0,0,0,0,0
1.0068381474,0.2090585427,-1.244693,0.012828,-0.211054,-0.035039,3,364588,118,118,118,118,4.164070,-0.055183,0.879201,-0.046702,-0.059697,-0.062016,1.751241,0,0,0,0,0,0
1.0068381474,0.2090585427,-0.108911,-0.086896,-0.303753,-0.045086,3,364608,118,118,118,118,4.187734,-0.029161,0.875973,-0.010655,-0.082359,-0.076166,1.773435,0,0,0,0,0,0
1.0068381474,0.2090585427,0.93352,-0.096975,-0.321468,-0.054596,3,364638,118,118,118,118,4.212115,-0.003169,0.871839,0.041357,-0.081994,-0.078611,1.795234,0,0,0,0,0,0
1.0068381474,0.2090585427,-0.132847,-0.085368,-0.297797,-0.057115,3,364648,118,118,118,118,4.224435,0.009928,0.869815,0.009222,-0.102042,-0.108082,1.805988,0,0,0,0,0,0
1.0068381474,0.2090585427,-0.457185,-0.116217,-0.28451,-0.070304,3,364698,118,118,118,118,4.262860,0.048796,0.861469,-0.010047,-0.134424,-0.099765,1.837677,0,0,0,0,0,0
1.0068381474,0.2090585427,-0.908386,-0.157298,-0.348346,-0.071011,3,364708,118,118,118,118,4.275797,0.061910,0.858901,-0.025844,-0.161537,-0.118322,1.848053,0,0,0,0,0,0
1.0068381474,0.2090585427,-0.886844,-0.132558,-0.325744,-0.067672,3,364748,118,118,118,118,4.302271,0.088014,0.852989,-0.027944,-0.16251,-0.109016,1.868526,0,0,0,0,0,0
1.0068381474,0.2090585427,-0.862907,-0.071624,-0.328035,-0.064445,3,364768,118,118,118,118,4.329037,0.114384,0.847422,-0.026921,-0.124138,-0.10733,1.888635,0,0,0,0,0,0
1.0068381474,0.2090585427,-1.656399,-0.046426,-0.303295,-0.061898,3,364798,118,118,118,118,4.356279,0.140847,0.841678,-0.060477,-0.106287,-0.105683,1.908387,0,0,0,0,0,0
1.0068381474,0.2090585427,-1.075941,-0.118813,-0.323911,-0.0617,3,364808,118,118,118,118,4.370000,0.154179,0.838957,-0.040553,-0.117414,-0.095477,1.918131,0,0,0,0,0,0
1.0068381474,0.2090585427,-1.0915,-0.114232,-0.317803,-0.061671,3,364828,118,118,118,118,4.397594,0.181085,0.833918,-0.037536,-0.135428,-0.102301,1.937359,0,0,0,0,0,0
1.0068381474,0.2090585427,-0.269284,-0.043371,-0.290619,-0.061671,3,364858,118,118,118,118,4.425487,0.208220,0.829141,-0.003549,-0.08377,-0.091075,1.956245,0,0,0,0,0,0
1.0068381474,0.2090585427,-1.053202,-0.032223,-0.274431,-0.06153,3,364868,118,118,118,118,4.439560,0.221859,0.826797,-0.031113,-0.084456,-0.10517,1.965562,0,0,0,0,0,0
1.0068381474,0.2090585427,-1.557063,-0.052382,-0.305433,-0.058275,3,364898,118,118,118,118,4.482681,0.262671,0.81888,-0.049992,-0.107366,-0.119012,1.993016,0,0,0,0,0,0
1.0068381474,0.2090585427,-1.759325,-0.072693,-0.351706,-0.055983,3,364908,118,118,118,118,4.497405,0.276189,0.815816,-0.062574,-0.114263,-0.119278,2.002004,0,0,0,0,0,0
1.0068381474,0.2090585427,-1.303337,-0.003971,-0.292452,-0.049218,3,364938,118,118,118,118,4.541538,0.317484,0.808409,-0.041885,-0.064049,-0.104983,2.028492,0,0,0,0,0,0
1.0068381474,0.2090585427,-1.278204,-0.009468,-0.280693,-0.047492,3,364948,118,118,118,118,4.556518,0.331227,0.805706,-0.045405,-0.056056,-0.094752,2.037163,0,0,0,0,0,0
1.0068381474,0.2090585427,-0.792295,-0.002902,-0.250607,-0.043445,3,364978,118,118,118,118,4.586408,0.359128,0.801301,-0.026897,-0.034366,-0.07883,2.054276,0,0,0,0,0,0
1.0068381474,0.2090585427,-0.369817,-0.014203,-0.286038,-0.041746,3,364988,118,118,118,118,4.601424,0.373182,0.799272,-0.010819,-0.030104,-0.079325,2.062717,0,0,0,0,0,0
1.0068381474,0.2090585427,0.116092,-0.005192,-0.278707,-0.033539,3,365018,118,118,118,118,4.631691,0.401407,0.795295,0.012326,-0.019418,-0.082348,2.079375,0,0,0,0,0,0
1.0068381474,0.2090585427,0.900009,-0.027794,-0.301157,-0.024652,3,365058,118,118,118,118,4.662319,0.429732,0.791272,0.045859,-0.021691,-0.083742,2.095737,0,0,0,0,0,0
1.0068381474,0.2090585427,-0.405722,-0.120035,-0.219759,-0.026293,3,365088,118,118,118,118,4.709313,0.472011,0.784105,-0.009584,-0.111892,-0.075324,2.119737,0,0,0,0,0,0
1.0068381474,0.2090585427,-0.253726,-0.117897,-0.197157,-0.026435,3,365098,118,118,118,118,4.725001,0.486299,0.782166,-0.005881,-0.117712,-0.061821,2.127594,0,0,0,0,0,0
1.0068381474,0.2090585427,0.053857,-0.134543,-0.193797,-0.026435,3,365128,118,118,118,118,4.756311,0.515268,0.779177,0.0072,-0.131505,-0.057122,2.143099,0,0,0,0,0,0
1.0068385605,0.2090581849,-0.265694,-0.121562,-0.170431,-0.026406,3,365139,142,142,142,142,0.517645,2.379284,17.20417,-0.038554,-0.158936,-0.079944,1.773452,0,0,0,0,0,0
1.0068385605,0.2090581849,-0.010771,-0.123547,-0.167988,-0.025727,3,365168,142,142,142,142,0.511435,2.326071,17.199874,0.003753,-0.128903,-0.048754,1.806005,0,0,0,0,0,0
1.0068385605,0.2090581849,-0.610378,-0.158978,-0.21533,-0.024963,3,365178,142,142,142,142,0.509391,2.308116,17.198619,-0.016811,-0.155273,-0.070648,1.816663,0,0,0,0,0,0
1.0068385605,0.2090581849,-0.381786,-0.16081,-0.226478,-0.019048,3,365208,142,142,142,142,0.504914,2.271921,17.195535,0.015157,-0.149798,-0.054582,1.837694,0,0,0,0,0,0
1.0068385605,0.2090581849,-0.381786,-0.16081,-0.226478,-0.0165,3,365218,142,142,142,142,0.502691,2.253665,17.19413,-0.006553,-0.16769,-0.072724,1.848069,0,0,0,0,0,0
1.0068385605,0.2090581849,-0.062235,-0.188605,-0.191201,-0.011519,3,365248,142,142,142,142,0.495159,2.198360,17.188639,-0.002562,-0.175623,-0.044549,1.878641,0,0,0,0,0,0
1.0068385605,0.2090581849,-0.57208,-0.194713,-0.175166,-0.011491,3,365258,142,142,142,142,0.492901,2.179701,17.187492,-0.017499,-0.193944,-0.055283,1.888651,0,0,0,0,0,0
1.0068385605,0.2090581849,-0.610378,-0.202502,-0.157756,-0.011349,3,365298,142,142,142,142,0.488097,2.142111,17.184812,-0.02216,-0.208874,-0.045708,1.908403,0,0,0,0,0,0
1.0068385605,0.2090581849,-0.258513,-0.185092,-0.123242,0.006736,3,365398,142,142,142,142,0.483500,2.104109,17.182819,-0.00881,-0.195425,-0.029323,1.927803,0,0,0,0,0,0
1.0068385605,0.2090581849,-1.547488,-0.055283,-0.031918,0.010925,3,365418,142,142,142,142,0.478786,2.065733,17.180801,-0.061636,-0.152262,-0.027593,1.946859,0,0,0,0,0,0
1.0068385605,0.2090581849,-1.547488,-0.055283,-0.031918,0.01234,3,365428,142,142,142,142,0.476531,2.046392,17.180091,-0.064866,-0.121989,-0.010984,1.95626,0,0,0,0,0,0
1.0068385605,0.2090581849,-2.282336,-0.064599,-0.025962,0.014576,3,365448,142,142,142,142,0.472301,2.007401,17.179359,-0.09677,-0.109785,-0.007551,1.97481,0,0,0,0,0,0
1.0068385605,0.2090581849,-0.823412,0.1237,0.002443,0.02584,3,365498,142,142,142,142,0.468376,1.968009,17.179374,-0.04243,0.005303,0.025493,1.99303,0,0,0,0,0,0
1.0068385605,0.2090581849,-2.172228,0.103236,-0.021075,0.028614,3,365508,142,142,142,142,0.466723,1.948144,17.180031,-0.085234,0.017936,-0.013071,2.002019,0,0,0,0,0,0
1.0068385605,0.2090581849,-1.278204,0.106749,-0.058338,0.036624,3,365538,142,142,142,142,0.460885,1.888100,17.180265,-0.033712,0.086649,0.015029,2.028505,0,0,0,0,0,0
1.0068385605,0.2090581849,-1.278204,0.106749,-0.058338,0.039935,3,365548,142,142,142,142,0.459082,1.867895,17.180652,-0.051341,0.081054,-0.007766,2.037177,0,0,0,0,0,0
1.0068385605,0.2090581849,-0.768358,0.172417,-0.015424,0.049671,3,365578,142,142,142,142,0.455137,1.827256,17.180772,-0.03393,0.136622,0.01057,2.054289,0,0,0,0,0,0
1.0068385605,0.2090581849,-1.632462,0.263283,0.013286,0.052954,3,365608,142,142,142,142,0.451272,1.786267,17.181089,-0.069944,0.197408,0.012173,2.071097,0,0,0,0,0,0
1.0068385605,0.2090581849,-0.478728,0.242666,0.038637,0.052926,3,365618,142,142,142,142,0.449407,1.765640,17.181402,-0.030084,0.227339,0.041801,2.079388,0,0,0,0,0,0
1.0068385605,0.2090581849,-0.445217,0.295964,0.009163,0.052926,3,365658,142,142,142,142,0.444550,1.703190,17.183772,-0.021318,0.258328,0.021348,2.103822,0,0,0,0,0,0
1.0068385605,0.2090581849,0.179523,0.312458,0.012217,0.052926,3,365668,142,142,142,142,0.442826,1.682221,17.184321,0.002002,0.28815,0.030227,2.111821,0,0,0,0,0,0
1.0068385605,0.2090581849,-0.719289,0.286038,-0.021838,0.038661,3,365838,142,142,142,142,0.439240,1.640055,17.185107,-0.030066,0.27297,0.00173,2.127607,0,0,0,0,0,0
1.0068385605,0.2090581849,-0.487106,0.125686,-0.060934,0.03869,3,365878,142,142,142,142,0.435276,1.597610,17.185149,-0.020964,0.176261,-0.003321,2.143111,0,0,0,0,0,0
1.0068385605,0.2090581849,-0.110107,0.115912,-0.064294,0.038548,3,365918,142,142,142,142,0.431236,1.554862,17.185101,-0.00474,0.139,-0.003062,2.158341,0,0,0,0,0,0
1.0068385605,0.2090581849,-0.130453,0.092546,-0.086743,0.038548,3,365938,142,142,142,142,0.427028,1.511825,17.184773,-0.004537,0.10644,-0.011108,2.173299,0,0,0,0,0,0
1.0068385605,0.2090581849,-0.073006,0.104153,-0.052382,0.038548,3,365948,142,142,142,142,0.424847,1.490201,17.184487,0.02451,0.128845,0.017074,2.180678,0,0,0,0,0,0
1.0068385605,0.2090581849,-0.23338,0.107665,-0.048106,0.038548,3,365988,142,142,142,142,0.420845,1.446698,17.184689,-0.007795,0.104698,-0.007628,2.19524,0,0,0,0,0,0
1.0068385605,0.2090581849,-0.548144,0.141721,-0.021991,0.038548,3,366078,142,142,142,142,0.414621,1.380919,17.184671,-0.022753,0.126329,0.002915,2.216599,0,0,0,0,0,0
1.0068385605,0.2090581849,-0.070612,0.149051,-0.044288,0.038548,3,366108,142,142,142,142,0.410595,1.336700,17.184962,-0.00343,0.142871,0.002813,2.230522,0,0,0,0,0,0
1.0068390288,0.2090577776,0.397344,0.172111,-0.034514,0.03852,3,366178,164,164,164,164,-1.917333,4.016241,7.385376,0.016512,0.167628,0.005231,1.699338,0,0,0,0,0,0
1.0068390288,0.2090577776,0.295615,0.211818,-0.028711,0.038492,3,366208,164,164,164,164,-1.902018,4.046712,7.38557,0.012943,0.196268,0.002798,1.722455,0,0,0,0,0,0
1.0068390288,0.2090577776,0.411706,0.198837,-0.058032,0.038463,3,366338,164,164,164,164,-1.886439,4.077565,7.385625,0.018212,0.200253,-0.003283,1.74516,0,0,0,0,0,0
1.0068390288,0.2090577776,0.892828,0.316734,-0.030085,0.038322,3,366358,164,164,164,164,-1.870705,4.108846,7.38579,0.038236,0.283493,0.005291,1.767462,0,0,0,0,0,0
1.0068390288,0.2090577776,0.313567,0.408822,-0.056352,0.037444,3,366438,164,164,164,164,-1.846413,4.156349,7.385308,0.013808,0.357537,-0.003354,1.800174,0,0,0,0,0,0
1.0068390288,0.2090577776,0.622346,0.451888,-0.042608,0.037444,3,366448,164,164,164,164,-1.838243,4.172390,7.385222,0.025659,0.399815,0.003432,1.810884,0,0,0,0,0,0
1.0068390288,0.2090577776,0.186704,0.533438,-0.076358,0.03651,3,366498,164,164,164,164,-1.813285,4.221002,7.384616,0.010362,0.466903,-0.012,1.842443,0,0,0,0,0,0
1.0068390288,0.2090577776,-0.356652,0.571464,-0.062308,0.027963,3,366608,164,164,164,164,-1.796214,4.253777,7.383823,-0.012587,0.521291,-0.012491,1.863016,0,0,0,0,0,0
1.0068390288,0.2090577776,0.770752,0.786489,-0.102473,0.024708,3,366628,164,164,164,164,-1.779138,4.287009,7.383495,0.035326,0.696618,-0.014817,1.883224,0,0,0,0,0,0
1.0068390288,0.2090577776,2.978885,0.784198,-0.139888,0.007444,3,366678,164,164,164,164,-1.762050,4.320686,7.383582,0.128598,0.758868,-0.016543,1.903072,0,0,0,0,0,0
1.0068390288,0.2090577776,4.375574,0.492205,-0.219301,0.001783,3,366718,164,164,164,164,-1.735050,4.371334,7.3814,0.190384,0.678359,-0.049848,1.932185,0,0,0,0,0,0
1.0068390288,0.2090577776,6.791954,0.448986,-0.275195,-0.003679,3,366758,164,164,164,164,-1.716530,4.405373,7.379443,0.295574,0.595837,-0.057383,1.951163,0,0,0,0,0,0
1.0068390288,0.2090577776,2.75867,0.372017,-0.148593,-0.012566,3,366838,164,164,164,164,-1.696635,4.439127,7.37492,0.129107,0.436455,-0.073075,1.969803,0,0,0,0,0,0
1.0068390288,0.2090577776,4.34326,0.07254,-0.138208,0.004755,3,366868,164,164,164,164,-1.677301,4.473581,7.372426,0.188089,0.248678,-0.032931,1.988113,0,0,0,0,0,0
1.0068390288,0.2090577776,6.475993,0.091324,-0.173638,0.011038,3,366878,164,164,164,164,-1.667720,4.491006,7.371578,0.266812,0.2403,-0.00466,1.997145,0,0,0,0,0,0
1.0068390288,0.2090577776,4.983558,-0.071166,-0.143553,0.034869,3,366928,164,164,164,164,-1.638398,4.543584,7.368454,0.223403,0.070939,-0.052021,2.023761,0,0,0,0,0,0
1.0068390288,0.2090577776,4.707093,-0.065515,-0.036805,0.036086,3,366938,164,164,164,164,-1.628366,4.561173,7.367114,0.206349,0.037631,-0.01959,2.032475,0,0,0,0,0,0
1.0068390288,0.2090577776,4.070385,-0.109039,-0.076511,0.03569,3,366988,164,164,164,164,-1.608807,4.596910,7.365996,0.176589,-0.028446,-0.014275,2.049671,0,0,0,0,0,0
1.0068390288,0.2090577776,3.712536,-0.214566,-0.205098,0.033652,3,367048,164,164,164,164,-1.588907,4.632854,7.36455,0.163272,-0.12373,-0.042977,2.066561,0,0,0,0,0,0
1.0068390288,0.2090577776,2.072892,-0.343917,-0.367741,0.030991,3,367078,164,164,164,164,-1.567763,4.668512,7.360772,0.098333,-0.268708,-0.094005,2.08315,0,0,0,0,0,0
1.0068390288,0.2090577776,3.422905,-0.16753,-0.101709,0.029576,3,367088,164,164,164,164,-1.556842,4.686292,7.358352,0.141872,-0.195136,-0.012938,2.091334,0,0,0,0,0,0
1.0068394768,0.2090573791,3.243382,-0.158672,-0.08659,0.000962,3,367158,186,186,186,186,-3.504462,7.297361,18.63502,0.140663,-0.14714,-0.013559,2.397439,0,0,0,0,0,0
1.0068394768,0.2090573791,2.41638,-0.17318,-0.198226,-0.012736,3,367188,186,186,186,186,-3.457709,7.286457,18.633626,0.112573,-0.167695,-0.060967,2.408148,0,0,0,0,0,0
1.0068394768,0.2090573791,1.244693,-0.195935,-0.254425,-0.024029,3,367228,186,186,186,186,-3.411035,7.274208,18.629745,0.061687,-0.193343,-0.079162,2.418667,0,0,0,0,0,0
1.0068394768,0.2090573791,1.986721,-0.207236,-0.216246,-0.025642,3,367268,186,186,186,186,-3.364162,7.261923,18.626281,0.090242,-0.186572,-0.060375,2.428999,0,0,0,0,0,0
1.0068394768,0.2090573791,3.056678,-0.287718,-0.242513,-0.020887,3,367328,186,186,186,186,-3.293439,7.243625,18.622091,0.137231,-0.231022,-0.066925,2.444153,0,0,0,0,0,0
1.0068394768,0.2090573791,2.543242,-0.331089,-0.140652,-0.019161,3,367358,186,186,186,186,-3.246122,7.231061,18.619013,0.164174,-0.239472,-0.058712,2.454032,0,0,0,0,0,0
1.0068394768,0.2090573791,2.543242,-0.331089,-0.140652,-0.019217,3,367368,186,186,186,186,-3.222403,7.224723,18.617501,0.121359,-0.277962,-0.066474,2.458906,0,0,0,0,0,0
1.0068394768,0.2090573791,2.713191,-0.337808,-0.162948,-0.018708,3,367408,186,186,186,186,-3.174855,7.211886,18.614448,0.120691,-0.297274,-0.048556,2.468522,0,0,0,0,0,0
1.0068394768,0.2090573791,3.294845,-0.319788,-0.197462,-0.017661,3,367448,186,186,186,186,-3.127080,7.199193,18.612063,0.145557,-0.285373,-0.051697,2.477968,0,0,0,0,0,0
1.0068394768,0.2090573791,2.658137,-0.399353,-0.211665,-0.030284,3,367488,186,186,186,186,-3.079239,7.185991,18.608955,0.120243,-0.346617,-0.066358,2.487246,0,0,0,0,0,0
1.0068394768,0.2090573791,1.467301,-0.341168,-0.131794,-0.041039,3,367518,186,186,186,186,-3.031260,7.172594,18.60586,0.086882,-0.356852,-0.040897,2.496359,0,0,0,0,0,0
1.0068394768,0.2090573791,2.040578,-0.394161,-0.203418,-0.042454,3,367528,186,186,186,186,-3.007160,7.166063,18.604807,0.070209,-0.351217,-0.053047,2.500855,0,0,0,0,0,0
1.0068394768,0.2090573791,1.504403,-0.403171,-0.245568,-0.041775,3,367568,186,186,186,186,-2.958928,7.152583,18.602073,0.073725,-0.377033,-0.078284,2.509726,0,0,0,0,0,0
1.0068394768,0.2090573791,1.288975,-0.357967,-0.22098,-0.039765,3,367608,186,186,186,186,-2.886558,7.131143,18.59621,0.06605,-0.363987,-0.08178,2.522738,0,0,0,0,0,0
1.0068394768,0.2090573791,0.540963,-0.353233,-0.201891,-0.039482,3,367618,186,186,186,186,-2.862398,7.123808,18.594105,0.03524,-0.369804,-0.08301,2.526998,0,0,0,0,0,0
1.0068394768,0.2090573791,0.691762,-0.379653,-0.211512,-0.038633,3,367658,186,186,186,186,-2.813967,7.109083,18.590166,0.035504,-0.375556,-0.067071,2.535405,0,0,0,0,0,0
1.0068394768,0.2090573791,1.0161,-0.330936,-0.18555,-0.038633,3,367698,186,186,186,186,-2.765330,7.094509,18.587009,0.048488,-0.341585,-0.057686,2.543662,0,0,0,0,0,0
1.0068394768,0.2090573791,0.755193,-0.317955,-0.15348,-0.038576,3,367748,186,186,186,186,-2.716552,7.079841,18.584053,0.03731,-0.326824,-0.053163,2.551772,0,0,0,0,0,0
1.0068394768,0.2090573791,0.993361,-0.233961,-0.148746,-0.029463,3,367868,186,186,186,186,-2.667611,7.065177,18.581487,0.046793,-0.262554,-0.046514,2.559738,0,0,0,0,0,0
1.0068394768,0.2090573791,0.242954,-0.031001,-0.176693,0.008915,3,367968,186,186,186,186,-2.618593,7.050205,18.57862,0.017077,-0.126831,-0.058985,2.567563,0,0,0,0,0,0
1.0068394768,0.2090573791,1.766506,-0.097433,-0.063835,0.013048,3,368048,186,186,186,186,-2.544712,7.027955,18.57547,0.066443,-0.047863,0.010447,2.57904,0,0,0,0,0,0
1.0068394768,0.2090573791,1.424216,-0.085979,-0.083383,0.012878,3,368058,186,186,186,186,-2.519848,7.021103,18.575739,0.062836,-0.059102,-0.012895,2.582798,0,0,0,0,0,0
1.0068394768,0.2090573791,0.606788,-0.078649,-0.087048,0.005887,3,368128,186,186,186,186,-2.470237,7.006568,18.574591,0.028893,-0.075266,-0.023933,2.590212,0,0,0,0,0,0
1.0068397648,0.2090571261,1.031659,-0.204334,-0.102473,0.003425,3,368149,210,210,210,210,-3.818653,9.374026,25.867501,0.071641,-0.148005,-0.014573,2.162073,0,0,0,0,0,0
1.0068397648,0.2090571261,1.060383,-0.176082,-0.071319,0.00167,3,368159,210,210,210,210,-3.802486,9.388382,25.867126,0.050265,-0.173521,-0.033026,2.169552,0,0,0,0,0,0
1.0068397648,0.2090571261,0.569686,-0.208916,-0.076358,-0.000425,3,368168,210,210,210,210,-3.786100,9.402608,25.866276,0.047796,-0.170063,-0.022202,2.176965,0,0,0,0,0,0
1.0068397648,0.2090571261,1.190836,-0.23106,-0.079871,-0.008661,3,368218,210,210,210,210,-3.753259,9.431313,25.864962,0.049148,-0.193825,-0.014612,2.191593,0,0,0,0,0,0
1.0068397648,0.2090571261,-0.534979,-0.191506,-0.043524,-0.008717,3,368258,210,210,210,210,-3.720223,9.460236,25.86382,-0.012471,-0.227482,-0.039457,2.20596,0,0,0,0,0,0
1.0068397648,0.2090571261,-0.929929,0.121868,-0.116981,0.003311,3,368448,210,210,210,210,-3.670076,9.503756,25.861757,-0.03397,-0.090834,-0.031808,2.227034,0,0,0,0,0,0
1.0068397648,0.2090571261,-0.685778,0.124158,-0.124464,0.003142,3,368488,210,210,210,210,-3.636278,9.532883,25.860203,-0.02608,0.036426,-0.031039,2.240772,0,0,0,0,0,0
1.0068397648,0.2090571261,1.671958,0.030238,-0.119424,0.003142,3,368578,210,210,210,210,-3.602332,9.562252,25.858952,0.064231,0.084923,-0.002829,2.254265,0,0,0,0,0,0
1.0068397648,0.2090571261,1.730602,0.032529,-0.103542,0.003142,3,368598,210,210,210,210,-3.568373,9.592010,25.85835,0.076094,0.06315,-0.023695,2.267519,0,0,0,0,0,0
1.0068397648,0.2090571261,0.927535,0.00504,-0.091324,0.003142,3,368628,210,210,210,210,-3.533941,9.621632,25.856991,0.068402,0.054371,-0.027554,2.280537,0,0,0,0,0,0
1.0068397648,0.2090571261,0.927535,0.00504,-0.091324,0.003142,3,368638,210,210,210,210,-3.516626,9.636479,25.856282,0.046398,0.030829,-0.035155,2.286959,0,0,0,0,0,0
1.0068397648,0.2090571261,0.669022,-0.016646,-0.09728,0.003142,3,368688,210,210,210,210,-3.481704,9.666128,25.854513,0.031605,0.000724,-0.027925,2.299632,0,0,0,0,0,0
1.0068397648,0.2090571261,1.218363,-0.064904,-0.091324,0.003142,3,368718,210,210,210,210,-3.446760,9.696133,25.853407,0.053589,-0.028884,-0.019789,2.31208,0,0,0,0,0,0
1.0068397648,0.2090571261,0.448808,-0.0562,-0.099418,0.00266,3,368758,210,210,210,210,-3.411482,9.726133,25.851945,0.022627,-0.051528,-0.030012,2.324306,0,0,0,0,0,0
1.0068397648,0.2090571261,-0.090958,-0.064904,-0.06353,0.002406,3,368788,210,210,210,210,-3.375954,9.756214,25.850421,-0.001585,-0.066509,-0.020542,2.336315,0,0,0,0,0,0
1.0068397648,0.2090571261,-0.228593,-0.055283,-0.068417,0.002406,3,368808,210,210,210,210,-3.340355,9.786577,25.849363,-0.008027,-0.064111,-0.018321,2.34811,0,0,0,0,0,0
1.0068397648,0.2090571261,0.07899,-0.028405,-0.094226,0.002406,3,368858,210,210,210,210,-3.304596,9.817112,25.84845,0.005187,-0.041215,-0.021561,2.359696,0,0,0,0,0,0
1.0068397648,0.2090571261,0.348275,-0.036194,-0.120035,0.002406,3,368888,210,210,210,210,-3.250391,9.862919,25.84652,0.018041,-0.034862,-0.031192,2.37669,0,0,0,0,0,0
1.0068397648,0.2090571261,0.576867,-0.029169,-0.11805,0.002377,3,368898,210,210,210,210,-3.232165,9.878178,25.845717,0.026093,-0.029267,-0.026716,2.382254,0,0,0,0,0,0
1.0068397648,0.2090571261,0.459579,-0.004887,-0.089492,0.002321,3,368928,210,210,210,210,-3.177200,9.924127,25.843416,0.021004,-0.015202,-0.021812,2.398649,0,0,0,0,0,0
1.0068397648,0.2090571261,0.44402,-0.00901,-0.085827,0.002321,3,368938,210,210,210,210,-3.158838,9.939564,25.842854,0.021154,-0.012126,-0.021902,2.404017,0,0,0,0,0,0
1.0068397648,0.2090571261,0.369817,-0.009774,-0.061392,0.002349,3,368978,210,210,210,210,-3.121993,9.970541,25.841814,0.017539,-0.009992,-0.016503,2.414609,0,0,0,0,0,0
1.0068397648,0.2090571261,0.507452,-0.018021,-0.059559,0.002689,3,369008,210,210,210,210,-3.085049,10.001725,25.841053,0.023014,-0.011571,-0.014208,2.425013,0,0,0,0,0,0
1.0068397648,0.2090571261,0.223805,-0.018631,-0.098807,0.002943,3,369018,210,210,210,210,-3.066514,10.017363,25.840687,0.013598,-0.018569,-0.027322,2.430145,0,0,0,0,0,0
1.0068397648,0.2090571261,0.458382,-0.022144,-0.116675,0.003142,3,369068,210,210,210,210,-3.029100,10.048473,25.839321,0.022176,-0.019008,-0.02839,2.440273,0,0,0,0,0,0
1.0068397648,0.2090571261,0.185507,-0.035888,-0.113163,0.003142,3,369088,210,210,210,210,-2.991416,10.079576,25.837727,0.011019,-0.033651,-0.030722,2.450221,0,0,0,0,0,0
1.0068397648,0.2090571261,0.382982,-0.038637,-0.097738,0.003142,3,369098,210,210,210,210,-2.972500,10.095155,25.836936,0.017569,-0.033038,-0.023005,2.455128,0,0,0,0,0,0
1.0068397648,0.2090571261,0.459579,-0.024129,-0.071777,0.003142,3,369128,210,210,210,210,-2.915663,10.142236,25.835181,0.020467,-0.025997,-0.016269,2.46959,0,0,0,0,0,0
1.0068398491,0.2090570708,0.330322,-0.03146,-0.091783,0.003142,3,369139,232,232,232,232,-4.373049,10.775858,31.273243,0.020274,-0.026782,-0.019697,2.315373,0,0,0,0,0,0
1.0068398491,0.2090570708,0.483515,-0.025504,-0.085827,0.003227,3,369168,232,232,232,232,-4.327233,10.768700,31.272117,0.021892,-0.025531,-0.019817,2.327541,0,0,0,0,0,0
1.0068398491,0.2090570708,0.659448,-0.040317,-0.101862,0.003255,3,369178,232,232,232,232,-4.304234,10.765114,31.271607,0.02915,-0.027735,-0.020954,2.333543,0,0,0,0,0,0
1.0068398491,0.2090570708,0.6774,-0.066584,-0.111788,0.003255,3,369208,232,232,232,232,-4.258079,10.757780,31.270384,0.025764,-0.041599,-0.026543,2.345388,0,0,0,0,0,0
1.0068398491,0.2090570708,0.6774,-0.066584,-0.111788,0.003255,3,369218,232,232,232,232,-4.234922,10.754043,31.269701,0.030641,-0.048414,-0.025605,2.351231,0,0,0,0,0,0
1.0068398491,0.2090570708,0.555324,-0.065973,-0.11133,0.003255,3,369278,232,232,232,232,-4.188447,10.746472,31.268285,0.026544,-0.058948,-0.028742,2.362761,0,0,0,0,0,0
1.0068398491,0.2090570708,0.093352,-0.054367,-0.063072,0.003311,3,369318,232,232,232,232,-4.141757,10.738790,31.266851,0.006219,-0.060399,-0.019495,2.374087,0,0,0,0,0,0
1.0068398491,0.2090570708,0.23338,-0.060781,-0.057269,0.003594,3,369338,232,232,232,232,-4.094811,10.731307,31.266013,0.011106,-0.058909,-0.013284,2.385211,0,0,0,0,0,0
1.0068398491,0.2090570708,0.198672,-0.059712,-0.102473,0.004528,3,369368,232,232,232,232,-4.047649,10.723762,31.26519,0.010877,-0.061534,-0.02432,2.396138,0,0,0,0,0,0
1.0068398491,0.2090570708,0.183113,-0.062614,-0.11133,0.004642,3,369378,232,232,232,232,-4.024007,10.719856,31.264563,0.010419,-0.063178,-0.027219,2.401528,0,0,0,0,0,0
1.0068398491,0.2090570708,0.067022,-0.064904,-0.107512,0.004642,3,369418,232,232,232,232,-3.976583,10.711880,31.263118,0.005485,-0.067501,-0.027573,2.412164,0,0,0,0,0,0
1.0068398491,0.2090570708,0.185507,-0.076969,-0.109345,0.004642,3,369478,232,232,232,232,-3.928956,10.703844,31.261757,0.010239,-0.073841,-0.026425,2.422612,0,0,0,0,0,0
1.0068398491,0.2090570708,0.219018,-0.070555,-0.092546,0.004642,3,369508,232,232,232,232,-3.881127,10.695755,31.260483,0.011447,-0.071954,-0.022735,2.432873,0,0,0,0,0,0
1.0068398491,0.2090570708,0.209444,-0.08323,-0.089644,0.004642,3,369518,232,232,232,232,-3.857137,10.691701,31.259898,0.011015,-0.076776,-0.022318,2.437936,0,0,0,0,0,0
1.0068398491,0.2090570708,0.110107,-0.116828,-0.087659,0.004642,3,369548,232,232,232,232,-3.809010,10.683552,31.258776,0.007343,-0.096315,-0.023502,2.447925,0,0,0,0,0,0
1.0068398491,0.2090570708,0.002394,-0.077427,-0.08827,0.004642,3,369558,232,232,232,232,-3.784879,10.679424,31.25817,0.002974,-0.091525,-0.024059,2.452853,0,0,0,0,0,0
1.0068398491,0.2090570708,-0.055054,-0.080481,-0.084452,0.004642,3,369588,232,232,232,232,-3.736480,10.671104,31.256967,-0.000389,-0.087505,-0.021233,2.462577,0,0,0,0,0,0
1.0068398491,0.2090570708,-0.146012,-0.083536,-0.085216,0.004642,3,369598,232,232,232,232,-3.712207,10.666939,31.25642,-0.003771,-0.088976,-0.022448,2.467375,0,0,0,0,0,0
1.0068398491,0.2090570708,-0.124469,-0.080329,-0.086285,0.004642,3,369638,232,232,232,232,-3.663530,10.658529,31.255297,-0.003479,-0.086431,-0.021009,2.476841,0,0,0,0,0,0
1.0068398491,0.2090570708,-0.10173,-0.071319,-0.094837,0.004642,3,369658,232,232,232,232,-3.614676,10.650039,31.254183,-0.002312,-0.079901,-0.022961,2.486139,0,0,0,0,0,0
1.0068398491,0.2090570708,-0.135241,-0.071777,-0.100945,0.004642,3,369688,232,232,232,232,-3.565658,10.641405,31.252949,-0.003527,-0.078705,-0.025007,2.495271,0,0,0,0,0,0
1.0068398491,0.2090570708,-0.104123,-0.072388,-0.092546,0.004642,3,369698,232,232,232,232,-3.541088,10.637041,31.252305,-0.004076,-0.078239,-0.024029,2.499777,0,0,0,0,0,0
1.0068398491,0.2090570708,-0.071809,-0.066126,-0.090866,0.004642,3,369728,232,232,232,232,-3.467116,10.623888,31.250527,-0.001215,-0.07441,-0.021954,2.513053,0,0,0,0,0,0
1.0068398491,0.2090570708,-0.124469,-0.069028,-0.095906,0.004642,3,369738,232,232,232,232,-3.442375,10.619473,31.249962,-0.002918,-0.075034,-0.024048,2.517399,0,0,0,0,0,0
1.0068398491,0.2090570708,-0.112501,-0.066584,-0.09499,0.004642,3,369768,232,232,232,232,-3.392779,10.610535,31.248739,-0.002719,-0.072932,-0.02338,2.525976,0,0,0,0,0,0
1.0068398491,0.2090570708,-0.18431,-0.063988,-0.088575,0.004642,3,369778,232,232,232,232,-3.367921,10.606037,31.248137,-0.005395,-0.072507,-0.023372,2.530208,0,0,0,0,0,0
1.0068398491,0.2090570708,-0.175933,-0.06185,-0.091324,0.004642,3,369808,232,232,232,232,-3.318087,10.596983,31.246952,-0.005512,-0.069484,-0.022497,2.538557,0,0,0,0,0,0
1.0068398491,0.2090570708,-0.161571,-0.064752,-0.086896,0.004642,3,369818,232,232,232,232,-3.293112,10.592431,31.246372,-0.005092,-0.069579,-0.021331,2.542676,0,0,0,0,0,0
1.0068398491,0.2090570708,-0.15798,-0.06353,-0.088423,0.004642,3,369848,232,232,232,232,-3.243042,10.583290,31.24527,-0.004847,-0.069191,-0.021592,2.550804,0,0,0,0,0,0
1.0068398491,0.2090570708,-0.239364,-0.056963,-0.090408,0.004642,3,369858,232,232,232,232,-3.217951,10.578686,31.244715,-0.007704,-0.067967,-0.02344,2.554814,0,0,0,0,0,0
1.0068398491,0.2090570708,-0.2633,-0.060018,-0.088575,0.004642,3,369898,232,232,232,232,-3.142472,10.564675,31.242902,-0.009368,-0.065837,-0.021966,2.566629,0,0,0,0,0,0
1.0068398491,0.2090570708,-0.298008,-0.059407,-0.09163,0.004642,3,369908,232,232,232,232,-3.117237,10.559979,31.242336,-0.010549,-0.066652,-0.022971,2.570497,0,0,0,0,0,0
1.0068398491,0.2090570708,-0.288434,-0.055894,-0.086743,0.004642,3,369948,232,232,232,232,-3.066664,10.550517,31.241189,-0.010457,-0.06429,-0.021326,2.578131,0,0,0,0,0,0
1.0068398491,0.2090570708,-0.396147,-0.044288,-0.089339,0.004642,3,369988,232,232,232,232,-3.015952,10.540967,31.240031,-0.014838,-0.058066,-0.022653,2.585629,0,0,0,0,0,0
1.0068398491,0.2090570708,-0.385376,-0.046884,-0.090255,0.004642,3,370008,232,232,232,232,-2.965104,10.531332,31.238877,-0.014535,-0.056382,-0.022205,2.592993,0,0,0,0,0,0
1.0068398491,0.2090570708,-0.415297,-0.035888,-0.093004,0.004642,3,370038,232,232,232,232,-2.914124,10.521605,31.237706,-0.015669,-0.049537,-0.023143,2.600227,0,0,0,0,0,0
1.0068398491,0.2090570708,-0.459579,-0.0281,-0.0956,0.004642,3,370048,232,232,232,232,-2.888586,10.516704,31.23711,-0.01722,-0.04558,-0.024341,2.603795,0,0,0,0,0,0
1.0068398491,0.2090570708,-0.550537,-0.034514,-0.095448,0.004642,3,370078,232,232,232,232,-2.837406,10.506879,31.236005,-0.019601,-0.04374,-0.027454,2.610837,0,0,0,0,0,0
1.0068398491,0.2090570708,-0.421281,-0.034667,-0.093921,0.004642,3,370088,232,232,232,232,-2.811782,10.501862,31.235298,-0.016487,-0.042686,-0.022751,2.614311,0,0,0,0,0,0
1.0068398491,0.2090570708,-0.313567,-0.030391,-0.093004,0.004642,3,370118,232,232,232,232,-2.760416,10.491899,31.234174,-0.011513,-0.039026,-0.022236,2.621165,0,0,0,0,0,0
1.0068398491,0.2090570708,-0.215428,-0.021228,-0.095142,0.004642,3,370128,232,232,232,232,-2.734687,10.486882,31.233602,-0.007781,-0.033625,-0.021515,2.624547,0,0,0,0,0,0
1.0068398520,0.2090570533,-0.356652,-0.01909,-0.098655,0.004642,3,370158,255,255,255,255,-4.154335,10.700744,31.069402,-0.012853,-0.031221,-0.025272,2.310026,0,0,0,0,0,0
1.0068398520,0.2090570533,-0.161571,-0.024435,-0.09896,0.004642,3,370168,255,255,255,255,-4.132717,10.692594,31.068751,-0.005985,-0.028845,-0.021502,2.316185,0,0,0,0,0,0
1.0068398520,0.2090570533,-0.025133,-0.028711,-0.098349,0.004642,3,370218,255,255,255,255,-4.067544,10.667958,31.066839,-0.001136,-0.029968,-0.018993,2.334333,0,0,0,0,0,0
1.0068398520,0.2090570533,-0.137634,-0.026267,-0.099418,0.004642,3,370228,255,255,255,255,-4.045691,10.659746,31.06635,-0.003304,-0.031888,-0.024511,2.340275,0,0,0,0,0,0
1.0068398520,0.2090570533,-0.380589,-0.032223,-0.085827,0.004642,3,370298,255,255,255,255,-3.979913,10.634684,31.064395,-0.014116,-0.036366,-0.022529,2.357785,0,0,0,0,0,0
1.0068398520,0.2090570533,-0.374605,-0.0281,-0.087048,0.004642,3,370318,255,255,255,255,-3.935787,10.617883,31.063255,-0.014103,-0.0365,-0.02156,2.369199,0,0,0,0,0,0
1.0068398520,0.2090570533,-0.344684,-0.025198,-0.091477,0.004642,3,370348,255,255,255,255,-3.891463,10.600964,31.062137,-0.012756,-0.034444,-0.022405,2.38041,0,0,0,0,0,0
1.0068398520,0.2090570533,-0.512239,-0.027336,-0.097738,0.004642,3,370388,255,255,255,255,-3.846974,10.583849,31.060872,-0.019532,-0.038188,-0.02534,2.391421,0,0,0,0,0,0
1.0068398520,0.2090570533,-0.605591,-0.02138,-0.099418,0.004642,3,370428,255,255,255,255,-3.802314,10.566565,31.059534,-0.023557,-0.036017,-0.025498,2.402238,0,0,0,0,0,0
1.0068398520,0.2090570533,-0.375801,-0.013134,-0.087201,0.004642,3,370458,255,255,255,255,-3.757441,10.549241,31.058398,-0.014401,-0.025132,-0.020342,2.412861,0,0,0,0,0,0
1.0068398520,0.2090570533,-0.403328,-0.009774,-0.093004,0.004642,3,370468,255,255,255,255,-3.734929,10.540553,31.057874,-0.015064,-0.023115,-0.022834,2.418102,0,0,0,0,0,0
1.0068398520,0.2090570533,-0.502664,-0.018173,-0.099113,0.004642,3,370518,255,255,255,255,-3.689809,10.522988,31.056615,-0.019167,-0.027729,-0.025335,2.428444,0,0,0,0,0,0
1.0068398520,0.2090570533,-0.490696,-0.008399,-0.08659,0.004642,3,370548,255,255,255,255,-3.644514,10.505307,31.05539,-0.019031,-0.021798,-0.021681,2.438602,0,0,0,0,0,0
1.0068398520,0.2090570533,-0.475138,-0.006109,-0.089492,0.004642,3,370558,255,255,255,255,-3.621794,10.496445,31.054831,-0.018436,-0.019452,-0.021838,2.443613,0,0,0,0,0,0
1.0068398520,0.2090570533,-0.423674,0.002902,-0.093615,0.004642,3,370588,255,255,255,255,-3.553396,10.469641,31.053081,-0.01666,-0.011954,-0.021584,2.45838,0,0,0,0,0,0
1.0068398520,0.2090570533,-0.487106,0.002138,-0.095753,0.004642,3,370598,255,255,255,255,-3.530511,10.460657,31.052526,-0.018365,-0.011277,-0.024253,2.463215,0,0,0,0,0,0
1.0068398520,0.2090570533,-0.427265,0.003512,-0.095906,0.004642,3,370628,255,255,255,255,-3.484643,10.442540,31.051287,-0.016348,-0.008931,-0.023317,2.472755,0,0,0,0,0,0
1.0068398520,0.2090570533,-0.408116,-0.000305,-0.09896,0.004642,3,370638,255,255,255,255,-3.461648,10.433443,31.050686,-0.01541,-0.009171,-0.024036,2.477461,0,0,0,0,0,0
1.0068398520,0.2090570533,-0.405722,0.000305,-0.097891,0.004642,3,370668,255,255,255,255,-3.415550,10.415138,31.049441,-0.015127,-0.009319,-0.024486,2.486748,0,0,0,0,0,0
1.0068398520,0.2090570533,-0.38777,0.00168,-0.095753,0.004642,3,370708,255,255,255,255,-3.369302,10.396708,31.048198,-0.014412,-0.008185,-0.023912,2.49587,0,0,0,0,0,0
1.0068398520,0.2090570533,-0.035905,0.006261,-0.090866,0.004642,3,370738,255,255,255,255,-3.322901,10.378172,31.046987,-0.010623,-0.00442,-0.024273,2.50483,0,0,0,0,0,0
1.0068398520,0.2090570533,-0.035905,0.006261,-0.090866,0.004642,3,370748,255,255,255,255,-3.299651,10.368850,31.046362,-0.00119,0.001019,-0.018509,2.50925,0,0,0,0,0,0
1.0068398520,0.2090570533,-0.203459,0.00336,-0.094226,0.004642,3,370778,255,255,255,255,-3.253017,10.350181,31.045252,-0.00636,-0.003154,-0.024165,2.517972,0,0,0,0,0,0
1.0068398520,0.2090570533,-0.433249,-0.013592,-0.114232,0.004642,3,370788,255,255,255,255,-3.229659,10.340772,31.044629,-0.014473,-0.014338,-0.031736,2.522274,0,0,0,0,0,0
1.0068398520,0.2090570533,-0.408116,0.002291,-0.112552,0.004613,3,370858,255,255,255,255,-3.182902,10.321707,31.043057,-0.014796,-0.010461,-0.028711,2.530765,0,0,0,0,0,0
1.0068398520,0.2090570533,-0.627134,0.008094,-0.095295,0.004613,3,370928,255,255,255,255,-3.112455,10.293046,31.041093,-0.023578,-0.011032,-0.026342,2.543219,0,0,0,0,0,0
1.0068398520,0.2090570533,-0.394951,0.011912,-0.093768,0.004613,3,370958,255,255,255,255,-3.065310,10.273835,31.039886,-0.014992,-0.000785,-0.022286,2.551337,0,0,0,0,0,0
1.0068398520,0.2090570533,-0.564899,0.042913,-0.089644,0.004585,3,371018,255,255,255,255,-2.994394,10.244703,31.037861,-0.022173,0.01087,-0.022902,2.563244,0,0,0,0,0,0
1.0068398520,0.2090570533,-0.536175,0.033139,-0.094837,0.004585,3,371028,255,255,255,255,-2.970680,10.234969,31.037271,-0.020956,0.015415,-0.023095,2.567143,0,0,0,0,0,0
1.0068398520,0.2090570533,-0.584048,0.030085,-0.090408,0.004585,3,371058,255,255,255,255,-2.923165,10.215406,31.036069,-0.022828,0.016766,-0.023088,2.574836,0,0,0,0,0,0
1.0068398520,0.2090570533,-0.482318,0.039554,-0.088728,0.004585,3,371088,255,255,255,255,-2.875517,10.195763,31.03494,-0.018673,0.02525,-0.021724,2.582392,0,0,0,0,0,0
1.0068398520,0.2090570533,-0.491893,0.049633,-0.096669,0.004585,3,371108,255,255,255,255,-2.827760,10.175990,31.033766,-0.018733,0.0334,-0.024373,2.589814,0,0,0,0,0,0
1.0068398404,0.2090570475,-0.399738,0.051007,-0.099571,0.004585,3,371138,281,281,281,281,-4.227785,10.511828,30.228325,-0.014836,0.038743,-0.024638,2.27473,0,0,0,0,0,0
1.0068398404,0.2090570475,-0.348275,0.047495,-0.107054,0.004585,3,371148,281,281,281,281,-4.219573,10.490613,30.227691,-0.012775,0.038809,-0.025695,2.281204,0,0,0,0,0,0
1.0068398404,0.2090570475,-0.341094,0.056963,-0.101862,0.004557,3,371178,281,281,281,281,-4.203140,10.447977,30.22637,-0.01212,0.044235,-0.025858,2.293979,0,0,0,0,0,0
1.0068398404,0.2090570475,-0.28604,0.060323,-0.096669,0.004557,3,371188,281,281,281,281,-4.194911,10.426561,30.225704,-0.010199,0.047763,-0.023974,2.300281,0,0,0,0,0,0
1.0068398404,0.2090570475,-0.350668,0.05681,-0.097433,0.004557,3,371218,281,281,281,281,-4.178401,10.383549,30.224427,-0.012556,0.046887,-0.025159,2.312717,0,0,0,0,0,0
1.0068398404,0.2090570475,-0.178326,0.054367,-0.087506,0.004557,3,371228,281,281,281,281,-4.170136,10.361946,30.223779,-0.006594,0.049154,-0.01998,2.318852,0,0,0,0,0,0
1.0068398404,0.2090570475,-0.167555,0.051007,-0.090866,0.004557,3,371268,281,281,281,281,-4.153476,10.318596,30.222706,-0.005026,0.046141,-0.022625,2.330958,0,0,0,0,0,0
1.0068398404,0.2090570475,-0.028724,0.048564,-0.094684,0.004557,3,371288,281,281,281,281,-4.136801,10.274994,30.221577,0.000892,0.045402,-0.023015,2.342848,0,0,0,0,0,0
1.0068398404,0.2090570475,0.017952,0.047495,-0.097128,0.004557,3,371298,281,281,281,281,-4.128462,10.253098,30.220984,0.002773,0.044845,-0.023402,2.348714,0,0,0,0,0,0
1.0068398404,0.2090570475,0.028724,0.044288,-0.098197,0.004557,3,371338,281,281,281,281,-4.111778,10.209120,30.219757,0.003619,0.041594,-0.024746,2.360289,0,0,0,0,0,0
1.0068398404,0.2090570475,0.016755,0.0197,-0.095906,0.004557,3,371368,281,281,281,281,-4.086728,10.142701,30.21785,0.002985,0.02291,-0.024247,2.377267,0,0,0,0,0,0
1.0068398404,0.2090570475,0,0.019242,-0.090713,0.004557,3,371378,281,281,281,281,-4.078360,10.120448,30.217225,0.002327,0.019543,-0.023495,2.382826,0,0,0,0,0,0
1.0068398404,0.2090570475,0.009575,0.003054,-0.093921,0.004557,3,371408,281,281,281,281,-4.061575,10.075782,30.216041,0.002783,0.010051,-0.023903,2.393795,0,0,0,0,0,0
1.0068398404,0.2090570475,0.034708,0.000916,-0.090561,0.004557,3,371448,281,281,281,281,-4.044783,10.030886,30.214815,0.003475,0.002522,-0.022541,2.404569,0,0,0,0,0,0
1.0068398404,0.2090570475,-0.13165,-0.00504,-0.09331,0.004557,3,371468,281,281,281,281,-4.027979,9.985765,30.213564,-0.003244,-0.007419,-0.024424,2.415151,0,0,0,0,0,0
1.0068398404,0.2090570475,-0.137634,-0.012828,-0.095448,0.004557,3,371508,281,281,281,281,-4.002744,9.917674,30.211679,-0.003825,-0.013326,-0.023652,2.430673,0,0,0,0,0,0
1.0068398404,0.2090570475,-0.215428,-0.009621,-0.092088,0.004557,3,371518,281,281,281,281,-3.994315,9.894873,30.21107,-0.006555,-0.015475,-0.024479,2.435755,0,0,0,0,0,0
1.0068398404,0.2090570475,0.025133,-0.000916,-0.08659,0.004557,3,371548,281,281,281,281,-3.977390,9.849136,30.20997,0.002829,-0.006703,-0.020211,2.445783,0,0,0,0,0,0
1.0068398404,0.2090570475,-0.116092,-0.015882,-0.090866,0.004557,3,371558,281,281,281,281,-3.968905,9.826196,30.209449,-0.004199,-0.014573,-0.026023,2.45073,0,0,0,0,0,0
1.0068398404,0.2090570475,-0.082581,-0.017715,-0.095295,0.004557,3,371588,281,281,281,281,-3.952022,9.780124,30.20819,-0.001638,-0.018842,-0.022921,2.460492,0,0,0,0,0,0
1.0068398404,0.2090570475,-0.130453,-0.016799,-0.096975,0.004557,3,371598,281,281,281,281,-3.943558,9.757019,30.2076,-0.003088,-0.020955,-0.024655,2.465308,0,0,0,0,0,0
1.0068398404,0.2090570475,-0.254923,-0.0197,-0.096211,0.004557,3,371638,281,281,281,281,-3.926683,9.710635,30.206284,-0.008525,-0.026002,-0.024958,2.474811,0,0,0,0,0,0
1.0068398404,0.2090570475,-0.199869,-0.013744,-0.095142,0.004557,3,371658,281,281,281,281,-3.909767,9.664065,30.205045,-0.006417,-0.022157,-0.023492,2.484145,0,0,0,0,0,0
1.0068398404,0.2090570475,-0.222609,-0.016035,-0.097128,0.004557,3,371698,281,281,281,281,-3.892841,9.617301,30.203811,-0.007269,-0.023067,-0.024384,2.493313,0,0,0,0,0,0
1.0068398404,0.2090570475,-0.275269,-0.018631,-0.096517,0.004557,3,371738,281,281,281,281,-3.875903,9.570348,30.202588,-0.005268,-0.026637,-0.023526,2.502319,0,0,0,0,0,0
1.0068398404,0.2090570475,-0.275269,-0.018631,-0.096517,0.004557,3,371778,281,281,281,281,-3.858981,9.523198,30.20132,-0.009431,-0.027386,-0.024751,2.511164,0,0,0,0,0,0
1.0068398404,0.2090570475,-0.355456,-0.017562,-0.095448,0.004557,3,371798,281,281,281,281,-3.842069,9.475857,30.200026,-0.012916,-0.027416,-0.024447,2.519852,0,0,0,0,0,0
1.0068398404,0.2090570475,-0.331519,-0.01405,-0.091172,0.004557,3,371848,281,281,281,281,-3.825122,9.428345,30.198811,-0.012127,-0.024034,-0.022677,2.528385,0,0,0,0,0,0
1.0068398404,0.2090570475,-0.393754,0.000916,-0.088575,0.004557,3,371878,281,281,281,281,-3.799670,9.356752,30.197048,-0.014522,-0.015235,-0.022872,2.540902,0,0,0,0,0,0
1.0068398404,0.2090570475,-0.418887,0.002138,-0.095295,0.004557,3,371888,281,281,281,281,-3.791186,9.332800,30.196459,-0.015536,-0.012639,-0.024134,2.545,0,0,0,0,0,0
1.0068398404,0.2090570475,-0.410509,0.001374,-0.092546,0.004557,3,371938,281,281,281,281,-3.774240,9.284757,30.195237,-0.015437,-0.009786,-0.023204,2.553087,0,0,0,0,0,0
1.0068398404,0.2090570475,-0.374605,0.004276,-0.097738,0.004557,3,371958,281,281,281,281,-3.757288,9.236545,30.194033,-0.013826,-0.006579,-0.024221,2.561029,0,0,0,0,0,0
1.0068398404,0.2090570475,-0.337503,0.014355,-0.10064,0.004557,3,371998,281,281,281,281,-3.740363,9.188156,30.192782,-0.012125,0.001132,-0.025036,2.568831,0,0,0,0,0,0
1.0068398404,0.2090570475,-0.416493,0.014661,-0.103389,0.004557,3,372028,281,281,281,281,-3.723489,9.139584,30.191437,-0.015292,0.002486,-0.026583,2.576494,0,0,0,0,0,0
1.0068398404,0.2090570475,-0.381786,0.022907,-0.094531,0.004557,3,372088,281,281,281,281,-3.706610,9.090853,30.190136,-0.01412,0.009681,-0.023784,2.584021,0,0,0,0,0,0
1.0068398404,0.2090570475,-0.250135,0.025656,-0.093157,0.004557,3,372118,281,281,281,281,-3.689675,9.041983,30.188977,-0.008665,0.015906,-0.022606,2.591414,0,0,0,0,0,0
1.0068398317,0.2090570795,-0.399738,0.038332,-0.101862,0.004557,3,372128,306,306,306,306,-4.570618,10.050355,28.322195,-0.013707,0.018905,-0.027524,2.317184,0,0,0,0,0,0
1.0068398317,0.2090570795,-0.390163,0.04612,-0.104763,0.004557,3,372159,306,306,306,306,-4.640287,10.048098,28.320121,-0.014829,0.028103,-0.026581,2.335306,0,0,0,0,0,0
1.0068398317,0.2090570795,-0.390163,0.04612,-0.104763,0.004557,3,372168,306,306,306,306,-4.663631,10.047368,28.319436,-0.014262,0.031277,-0.026377,2.341239,0,0,0,0,0,0
1.0068398317,0.2090570795,-0.031117,0.049633,-0.09728,0.004557,3,372199,306,306,306,306,-4.710498,10.045941,28.318083,-0.016568,0.031261,-0.025355,2.352947,0,0,0,0,0,0
1.0068398317,0.2090570795,-0.895221,0.055741,-0.099266,0.004557,3,372208,306,306,306,306,-4.734019,10.045236,28.31743,-0.032779,0.029092,-0.033138,2.358723,0,0,0,0,0,0
1.0068398317,0.2090570795,-0.438036,0.064904,-0.09896,0.004557,3,372258,306,306,306,306,-4.781237,10.043903,28.316055,-0.016808,0.04823,-0.023087,2.37012,0,0,0,0,0,0
1.0068398317,0.2090570795,-0.148406,0.073457,-0.089644,0.004557,3,372288,306,306,306,306,-4.828681,10.042578,28.314765,-0.02361,0.051765,-0.025528,2.381315,0,0,0,0,0,0
1.0068398317,0.2090570795,-0.148406,0.073457,-0.089644,0.004557,3,372298,306,306,306,306,-4.852488,10.041941,28.314108,-0.007231,0.063026,-0.015496,2.386837,0,0,0,0,0,0
1.0068398317,0.2090570795,-0.262104,0.075136,-0.100029,0.004557,3,372318,306,306,306,306,-4.900258,10.040455,28.313292,0.00319,0.068735,-0.020003,2.397735,0,0,0,0,0,0
1.0068398317,0.2090570795,-0.040692,0.083383,-0.096211,0.004557,3,372348,306,306,306,306,-4.948255,10.039226,28.312025,-0.00042,0.071726,-0.022569,2.408439,0,0,0,0,0,0
1.0068398317,0.2090570795,-0.043086,0.074984,-0.106901,0.004557,3,372378,306,306,306,306,-5.020652,10.037511,28.310071,0.000429,0.071348,-0.026319,2.424139,0,0,0,0,0,0
1.0068398317,0.2090570795,0.0754,0.071929,-0.10232,0.004557,3,372388,306,306,306,306,-5.044890,10.036981,28.309393,0.004939,0.071204,-0.024081,2.429279,0,0,0,0,0,0
1.0068398317,0.2090570795,-0.025133,0.075442,-0.100335,0.004557,3,372408,306,306,306,306,-5.093520,10.035941,28.308084,0.001582,0.069447,-0.026178,2.439422,0,0,0,0,0,0
1.0068398317,0.2090570795,-0.053857,0.085674,-0.094531,0.004557,3,372438,306,306,306,306,-5.142353,10.034963,28.306768,0.003898,0.073673,-0.025509,2.449385,0,0,0,0,0,0
1.0068398317,0.2090570795,-0.053857,0.085674,-0.094531,0.004557,3,372448,306,306,306,306,-5.166845,10.034494,28.306111,0.000775,0.075046,-0.026036,2.4543,0,0,0,0,0,0
1.0068398317,0.2090570795,0.045479,0.073151,-0.096364,0.004557,3,372479,306,306,306,306,-5.215975,10.033590,28.304821,0.000824,0.074714,-0.023662,2.463999,0,0,0,0,0,0
1.0068398317,0.2090570795,0.045479,0.073151,-0.096364,0.004557,3,372488,306,306,306,306,-5.240613,10.033141,28.304212,0.003783,0.073142,-0.023011,2.468783,0,0,0,0,0,0
1.0068398317,0.2090570795,0.065825,0.074526,-0.092546,0.004557,3,372508,306,306,306,306,-5.290032,10.032266,28.303028,0.005129,0.07152,-0.023402,2.478225,0,0,0,0,0,0
1.0068398317,0.2090570795,0.090958,0.080787,-0.098044,0.004557,3,372538,306,306,306,306,-5.339640,10.031466,28.301803,0.006373,0.074808,-0.024837,2.487498,0,0,0,0,0,0
1.0068398317,0.2090570795,0.153193,0.071319,-0.106138,0.004557,3,372548,306,306,306,306,-5.364514,10.031100,28.301163,0.008741,0.072578,-0.025562,2.492073,0,0,0,0,0,0
1.0068398317,0.2090570795,0.214231,0.066279,-0.104305,0.004557,3,372578,306,306,306,306,-5.414401,10.030428,28.299855,0.011714,0.06727,-0.026203,2.5011,0,0,0,0,0,0
1.0068398317,0.2090570795,0.092155,0.066432,-0.098502,0.004557,3,372588,306,306,306,306,-5.439412,10.030124,28.29918,0.007324,0.063895,-0.027569,2.505553,0,0,0,0,0,0
1.0068398317,0.2090570795,0.163964,0.066279,-0.097586,0.004557,3,372618,306,306,306,306,-5.489569,10.029563,28.297836,0.009455,0.063845,-0.024755,2.514341,0,0,0,0,0,0
1.0068398317,0.2090570795,0.226199,0.060323,-0.087354,0.004557,3,372628,306,306,306,306,-5.514713,10.029288,28.297199,0.011545,0.062495,-0.021792,2.518676,0,0,0,0,0,0
1.0068398317,0.2090570795,0.235774,0.056352,-0.093004,0.004557,3,372658,306,306,306,306,-5.565129,10.028721,28.296048,0.012407,0.057444,-0.023435,2.52723,0,0,0,0,0,0
1.0068398317,0.2090570795,0.15439,0.055589,-0.097586,0.004557,3,372668,306,306,306,306,-5.590402,10.028472,28.295444,0.009592,0.054452,-0.025921,2.53145,0,0,0,0,0,0
1.0068398317,0.2090570795,0.257316,0.057269,-0.093768,0.004557,3,372698,306,306,306,306,-5.641075,10.028041,28.294191,0.013297,0.055893,-0.023392,2.539778,0,0,0,0,0,0
1.0068398317,0.2090570795,0.343487,0.039401,-0.100793,0.004557,3,372728,306,306,306,306,-5.691913,10.027642,28.292992,0.019225,0.048517,-0.025167,2.547957,0,0,0,0,0,0
1.0068398317,0.2090570795,0.240561,0.035583,-0.099571,0.004557,3,372738,306,306,306,306,-5.717395,10.027489,28.292344,0.017549,0.04402,-0.026371,2.551992,0,0,0,0,0,0
1.0068398317,0.2090570795,0.225002,0.033445,-0.087965,0.004557,3,372808,306,306,306,306,-5.794080,10.027177,28.290295,0.012054,0.034653,-0.023436,2.563882,0,0,0,0,0,0
1.0068398317,0.2090570795,0.452398,0.052382,-0.061545,0.004557,3,372828,306,306,306,306,-5.845398,10.026845,28.289346,0.020759,0.049318,-0.0143,2.571633,0,0,0,0,0,0
1.0068398317,0.2090570795,1.632462,0.044746,-0.094073,0.004557,3,372858,306,306,306,306,-5.896866,10.026274,28.288959,0.070677,0.065866,-0.015221,2.579247,0,0,0,0,0,0
1.0068398317,0.2090570795,-0.558915,-0.00504,-0.134696,0.004557,3,372908,306,306,306,306,-5.948498,10.026585,28.286831,-0.017885,-0.005567,-0.047806,2.586725,0,0,0,0,0,0
1.0068398317,0.2090570795,0.186704,0.030543,-0.091935,0.004557,3,372928,306,306,306,306,-6.000276,10.026801,28.285157,0.00952,0.021998,-0.020134,2.59407,0,0,0,0,0,0
1.0068398317,0.2090570795,0.21064,0.032223,-0.08094,0.004557,3,372958,306,306,306,306,-6.052196,10.026760,28.284134,0.010993,0.027811,-0.020034,2.601284,0,0,0,0,0,0
1.0068398317,0.2090570795,0.213034,0.025504,-0.079412,0.004557,3,372968,306,306,306,306,-6.078210,10.026762,28.283618,0.01106,0.02642,-0.019877,2.604843,0,0,0,0,0,0
1.0068398317,0.2090570795,0.196278,0.019395,-0.084147,0.004557,3,373018,306,306,306,306,-6.130345,10.026814,28.282563,0.010463,0.020758,-0.021123,2.611866,0,0,0,0,0,0
1.0068398317,0.2090570795,0.148406,0.025962,-0.110108,0.004557,3,373038,306,306,306,306,-6.182620,10.027014,28.281324,0.009082,0.021233,-0.027834,2.618764,0,0,0,0,0,0
1.0068398317,0.2090570795,0.099336,0.025045,-0.104,0.00351,3,373098,306,306,306,306,-6.235033,10.027375,28.279896,0.0069,0.020749,-0.026845,2.62554,0,0,0,0,0,0
1.0068398317,0.2090570795,0.198672,0.032223,-0.082314,0.003425,3,373128,306,306,306,306,-6.287580,10.027710,28.278669,0.010511,0.027788,-0.020751,2.632195,0,0,0,0,0,0
1.0068398229,0.2090570795,0.313567,0.036957,-0.095448,0.003425,3,373138,330,330,330,330,-5.488788,10.515316,26.432106,0.011327,0.030965,-0.023214,2.454797,0,0,0,0,0,0
1.0068398229,0.2090570795,0.21064,0.035583,-0.102778,0.003425,3,373169,330,330,330,330,-5.475036,10.562501,26.430932,0.013544,0.03335,-0.025764,2.464486,0,0,0,0,0,0
1.0068398229,0.2090570795,0.21064,0.035583,-0.102778,0.003425,3,373178,330,330,330,330,-5.468083,10.586147,26.430268,0.011925,0.032618,-0.027107,2.469266,0,0,0,0,0,0
1.0068398229,0.2090570795,0.337503,0.030391,-0.095295,0.003425,3,373208,330,330,330,330,-5.454081,10.633560,26.428919,0.013178,0.031531,-0.025355,2.478699,0,0,0,0,0,0
1.0068398229,0.2090570795,0.155587,0.038637,-0.09728,0.003425,3,373218,330,330,330,330,-5.447047,10.657330,26.428266,0.016277,0.031871,-0.023181,2.483352,0,0,0,0,0,0
1.0068398229,0.2090570795,0.264497,0.035736,-0.08491,0.003425,3,373278,330,330,330,330,-5.425827,10.728895,26.426409,0.014311,0.034945,-0.02374,2.497064,0,0,0,0,0,0
1.0068398229,0.2090570795,0.126863,0.03207,-0.088728,0.003425,3,373298,330,330,330,330,-5.411529,10.776796,26.425137,0.007885,0.030002,-0.023846,2.506003,0,0,0,0,0,0
1.0068398229,0.2090570795,0.296811,0.034819,-0.099266,0.003425,3,373328,330,330,330,330,-5.397198,10.824873,26.424025,0.017841,0.036974,-0.02185,2.514782,0,0,0,0,0,0
1.0068398229,0.2090570795,0.296811,0.034819,-0.099266,0.003425,3,373338,330,330,330,330,-5.389991,10.848968,26.423463,0.015593,0.03469,-0.02579,2.519114,0,0,0,0,0,0
1.0068398229,0.2090570795,0.30878,0.037721,-0.098349,0.003425,3,373378,330,330,330,330,-5.375408,10.897242,26.422146,0.015736,0.035865,-0.025329,2.52766,0,0,0,0,0,0
1.0068398229,0.2090570795,0.368621,0.032223,-0.092393,0.003425,3,373408,330,330,330,330,-5.360732,10.945667,26.420865,0.016228,0.032115,-0.024381,2.536055,0,0,0,0,0,0
1.0068398229,0.2090570795,0.368621,0.032223,-0.092393,0.003425,3,373418,330,330,330,330,-5.353359,10.969934,26.420237,0.01784,0.032659,-0.023087,2.540196,0,0,0,0,0,0
1.0068398229,0.2090570795,0.275269,0.031612,-0.095295,0.003425,3,373448,330,330,330,330,-5.338571,11.018584,26.419062,0.019404,0.036153,-0.023021,2.548368,0,0,0,0,0,0
1.0068398229,0.2090570795,0.275269,0.031612,-0.095295,0.003425,3,373458,330,330,330,330,-5.331137,11.042961,26.418469,0.01502,0.032313,-0.026282,2.5524,0,0,0,0,0,0
1.0068398229,0.2090570795,0.418887,0.032223,-0.094837,0.003425,3,373488,330,330,330,330,-5.316153,11.091807,26.41721,0.020195,0.033582,-0.023636,2.560355,0,0,0,0,0,0
1.0068398229,0.2090570795,0.299205,0.027947,-0.101251,0.003425,3,373498,330,330,330,330,-5.308632,11.116282,26.416601,0.01611,0.029386,-0.027481,2.564279,0,0,0,0,0,0
1.0068398229,0.2090570795,0.447611,0.030085,-0.103542,0.003425,3,373528,330,330,330,330,-5.293452,11.165315,26.415262,0.021626,0.031152,-0.025816,2.572023,0,0,0,0,0,0
1.0068398229,0.2090570795,0.438036,0.030543,-0.092546,0.003425,3,373538,330,330,330,330,-5.285823,11.189880,26.414597,0.030511,0.035848,-0.019014,2.575843,0,0,0,0,0,0
1.0068398229,0.2090570795,0.484712,0.024282,-0.089186,0.003425,3,373588,330,330,330,330,-5.262892,11.263798,26.412832,0.023256,0.029549,-0.023464,2.5871,0,0,0,0,0,0
1.0068398229,0.2090570795,0.518223,0.02306,-0.089186,0.003425,3,373598,330,330,330,330,-5.255189,11.288498,26.412228,0.024275,0.028149,-0.022481,2.590786,0,0,0,0,0,0
1.0068398229,0.2090570795,0.528994,0.030238,-0.090103,0.003425,3,373678,330,330,330,330,-5.239730,11.337995,26.411066,0.024957,0.030869,-0.02294,2.598059,0,0,0,0,0,0
1.0068398229,0.2090570795,0.418887,0.020769,-0.096822,0.003425,3,373698,330,330,330,330,-5.224121,11.387598,26.409799,0.020521,0.023806,-0.025454,2.605202,0,0,0,0,0,0
1.0068398229,0.2090570795,0.452398,0.016341,-0.087812,0.003425,3,373728,330,330,330,330,-5.208396,11.437314,26.40851,0.019717,0.021365,-0.024111,2.612219,0,0,0,0,0,0
1.0068398229,0.2090570795,0.471547,0.018021,-0.102014,0.003425,3,373788,330,330,330,330,-5.184699,11.512125,26.40675,0.022508,0.019367,-0.024788,2.622511,0,0,0,0,0,0
1.0068398229,0.2090570795,0.450004,0.016035,-0.101404,0.003425,3,373818,330,330,330,330,-5.168713,11.562120,26.405442,0.021847,0.017482,-0.026052,2.62922,0,0,0,0,0,0
1.0068398229,0.2090570795,0.494287,0.012065,-0.098502,0.003425,3,373828,330,330,330,330,-5.160673,11.587155,26.404772,0.023364,0.016414,-0.024688,2.63253,0,0,0,0,0,0
1.0068398229,0.2090570795,0.494287,0.014966,-0.098349,0.003425,3,373948,330,330,330,330,-5.144544,11.637312,26.403493,0.023647,0.016387,-0.025117,2.639061,0,0,0,0,0,0
1.0068398229,0.2090570795,0.603197,-0.002749,-0.097128,0.003425,3,373968,330,330,330,330,-5.128330,11.687579,26.402254,0.028086,0.007054,-0.024099,2.645475,0,0,0,0,0,0
1.0068398229,0.2090570795,0.627134,-0.011454,-0.093768,0.003425,3,373998,330,330,330,330,-5.112009,11.737946,26.400999,0.027089,-0.001529,-0.024381,2.651776,0,0,0,0,0,0
1.0068398229,0.2090570795,0.528994,-0.009774,-0.101709,0.003425,3,374008,330,330,330,330,-5.103811,11.763166,26.400371,0.028846,-0.003452,-0.023114,2.654885,0,0,0,0,0,0
1.0068398142,0.2090570737,0.57208,-0.00901,-0.098502,0.003425,3,374138,353,353,353,353,-4.978598,11.055214,25.137662,0.026784,-0.005962,-0.024975,2.510041,0,0,0,0,0,0
1.0068398142,0.2090570737,0.448808,-0.028253,-0.091477,0.003425,3,374158,353,353,353,353,-4.928351,11.054796,25.136355,0.021599,-0.020018,-0.024095,2.518749,0,0,0,0,0,0
1.0068398142,0.2090570737,0.410509,-0.030696,-0.092852,0.003425,3,374198,353,353,353,353,-4.877931,11.054344,25.135108,0.019871,-0.026427,-0.023783,2.527302,0,0,0,0,0,0
1.0068398142,0.2090570737,0.330322,-0.024129,-0.098349,0.003425,3,374248,353,353,353,353,-4.827342,11.053811,25.133826,0.01664,-0.02585,-0.025393,2.535703,0,0,0,0,0,0
1.0068398142,0.2090570737,0.31596,-0.023824,-0.092241,0.003425,3,374278,353,353,353,353,-4.776586,11.053217,25.132551,0.015805,-0.024788,-0.023571,2.543955,0,0,0,0,0,0
1.0068398142,0.2090570737,0.293221,-0.01237,-0.086743,0.003425,3,374308,353,353,353,353,-4.700146,11.052291,25.130807,0.014839,-0.016463,-0.022376,2.556059,0,0,0,0,0,0
1.0068398142,0.2090570737,0.293221,-0.01237,-0.086743,0.003425,3,374318,353,353,353,353,-4.674586,11.051956,25.130231,0.014711,-0.015004,-0.022082,2.560022,0,0,0,0,0,0
1.0068398142,0.2090570737,0.31237,-0.009621,-0.100029,0.003425,3,374368,353,353,353,353,-4.597671,11.050865,25.12851,0.015593,-0.01207,-0.024298,2.571699,0,0,0,0,0,0
1.0068398142,0.2090570737,0.301599,-0.010079,-0.098502,0.003425,3,374408,353,353,353,353,-4.546202,11.050001,25.127241,0.015333,-0.011416,-0.025063,2.579311,0,0,0,0,0,0
1.0068398142,0.2090570737,0.309976,-0.010079,-0.093157,0.003425,3,374438,353,353,353,353,-4.494583,11.049075,25.125981,0.015555,-0.010772,-0.023693,2.586788,0,0,0,0,0,0
1.0068398142,0.2090570737,0.457185,-0.000916,-0.081856,0.003425,3,374448,353,353,353,353,-4.468717,11.048597,25.125371,0.020698,-0.004363,-0.018871,2.590476,0,0,0,0,0,0
1.0068398142,0.2090570737,0.406919,-0.00168,-0.090255,0.003425,3,374478,353,353,353,353,-4.416877,11.047669,25.124297,0.017995,-0.006039,-0.0228,2.597754,0,0,0,0,0,0
1.0068398142,0.2090570737,0.406919,-0.00168,-0.090255,0.003425,3,374488,353,353,353,353,-4.390903,11.047158,25.12371,0.019401,-0.003549,-0.022203,2.601345,0,0,0,0,0,0
1.0068398142,0.2090570737,0.363833,-0.001222,-0.094073,0.003425,3,374508,353,353,353,353,-4.338848,11.046081,25.122516,0.017955,-0.002369,-0.024075,2.60843,0,0,0,0,0,0
1.0068398142,0.2090570737,0.330322,-0.005498,-0.095295,0.003425,3,374538,353,353,353,353,-4.286654,11.044906,25.121258,0.016534,-0.004859,-0.024475,2.615389,0,0,0,0,0,0
1.0068398142,0.2090570737,0.300402,-0.011606,-0.092699,0.003396,3,374548,353,353,353,353,-4.260505,11.044293,25.120628,0.015356,-0.008072,-0.024335,2.618822,0,0,0,0,0,0
1.0068398142,0.2090570737,0.397344,-0.013134,-0.091935,0.00334,3,374568,353,353,353,353,-4.208106,11.043050,25.119435,0.019135,-0.010029,-0.02278,2.625597,0,0,0,0,0,0
1.0068398142,0.2090570737,0.380589,-0.007789,-0.0956,0.00317,3,374598,353,353,353,353,-4.155574,11.041735,25.118226,0.018672,-0.008585,-0.024358,2.632251,0,0,0,0,0,0
1.0068398142,0.2090570737,0.39136,-0.014813,-0.094379,0.002972,3,374628,353,353,353,353,-4.076531,11.039626,25.116389,0.0198,-0.008708,-0.024409,2.642011,0,0,0,0,0,0
1.0068398142,0.2090570737,0.359046,-0.01237,-0.094226,0.00283,3,374638,353,353,353,353,-4.050120,11.038882,25.11576,0.019194,-0.011086,-0.024475,2.645207,0,0,0,0,0,0
1.0068398142,0.2090570737,0.353062,-0.014813,-0.099113,0.001642,3,374708,353,353,353,353,-3.997203,11.037337,25.114492,0.017628,-0.013317,-0.025658,2.651512,0,0,0,0,0,0
1.0068398142,0.2090570737,0.311173,-0.014966,-0.090255,-0.000085,3,374798,353,353,353,353,-3.944162,11.035707,25.113194,0.015689,-0.01495,-0.024265,2.657706,0,0,0,0,0,0
1.0068398142,0.2090570737,0.246545,-0.007789,-0.095295,-0.000085,3,374818,353,353,353,353,-3.891001,11.034007,25.111895,0.013086,-0.011984,-0.025679,2.66379,0,0,0,0,0,0
1.0068398142,0.2090570737,0.222609,-0.001833,-0.096364,-0.000085,3,374848,353,353,353,353,-3.811037,11.031306,25.10992,0.012539,-0.008623,-0.026948,2.672713,0,0,0,0,0,0
1.0068398142,0.2090570737,0.220215,-0.003512,-0.09331,-0.000085,3,374858,353,353,353,353,-3.784325,11.030352,25.109226,0.011979,-0.007446,-0.025587,2.675634,0,0,0,0,0,0
1.0068398142,0.2090570737,0.220215,-0.006567,-0.092852,-0.000085,3,374888,353,353,353,353,-3.730814,11.028429,25.107924,0.011808,-0.008048,-0.024773,2.681399,0,0,0,0,0,0
1.0068398142,0.2090570737,0.262104,-0.000458,-0.091324,-0.000085,3,374898,353,353,353,353,-3.704016,11.027447,25.107286,0.013306,-0.00506,-0.023681,2.684243,0,0,0,0,0,0
1.0068398142,0.2090570737,0.275269,-0.003054,-0.092088,-0.000085,3,374928,353,353,353,353,-3.650337,11.025455,25.10606,0.01412,-0.004372,-0.024327,2.689855,0,0,0,0,0,0
1.0068398142,0.2090570737,0.274072,0.004123,-0.092546,-0.000085,3,374938,353,353,353,353,-3.623456,11.024427,25.105433,0.014139,-0.001525,-0.024562,2.692623,0,0,0,0,0,0
1.0068398142,0.2090570737,0.298008,-0.000764,-0.096059,-0.000085,3,374958,353,353,353,353,-3.569614,11.022306,25.10416,0.01519,-0.001542,-0.025352,2.698086,0,0,0,0,0,0
1.0068398142,0.2090570737,0.307583,0.002291,-0.096822,-0.000085,3,374988,353,353,353,353,-3.515667,11.020096,25.102851,0.015658,0.000317,-0.025695,2.703452,0,0,0,0,0,0
1.0068398142,0.2090570737,0.299205,0.002443,-0.093921,-0.000085,3,374998,353,353,353,353,-3.488654,11.018960,25.102189,0.015323,0.000688,-0.025347,2.706099,0,0,0,0,0,0
1.0068398142,0.2090570737,0.269284,0.001069,-0.09331,-0.000085,3,375028,353,353,353,353,-3.434552,11.016637,25.100876,0.015055,0.002436,-0.025637,2.711322,0,0,0,0,0,0
1.0068398142,0.2090570737,0.349471,0.007789,-0.087354,-0.000085,3,375038,353,353,353,353,-3.407463,11.015446,25.100216,0.014126,0.001113,-0.025502,2.713899,0,0,0,0,0,0
1.0068398142,0.2090570737,0.412903,0.003054,-0.092393,-0.000085,3,375058,353,353,353,353,-3.353209,11.013048,25.09898,0.019508,0.00504,-0.022825,2.718984,0,0,0,0,0,0
1.0068398142,0.2090570737,0.39136,-0.000764,-0.092852,-0.000085,3,375088,353,353,353,353,-3.298856,11.010592,25.097762,0.019157,0.001415,-0.02469,2.723978,0,0,0,0,0,0
1.0068398142,0.2090570737,0.386573,-0.002291,-0.095448,-0.000085,3,375098,353,353,353,353,-3.271644,11.009324,25.097126,0.019025,-0.000076,-0.02532,2.726442,0,0,0,0,0,0
1.0068398142,0.2090570737,0.421281,-0.002596,-0.091019,-0.000085,3,375118,353,353,353,353,-3.217149,11.006735,25.095859,0.02036,-0.000886,-0.024086,2.731304,0,0,0,0,0,0
1.0068398055,0.2090570795,0.464366,-0.003665,-0.090103,-0.000085,3,375148,376,376,376,376,-4.294070,10.662478,23.63036,0.021453,-0.001091,-0.024701,2.491913,0,0,0,0,0,0
1.0068398055,0.2090570795,0.464366,-0.003665,-0.090103,-0.000085,3,375158,376,376,376,376,-4.292682,10.637595,23.629724,0.022112,-0.001323,-0.023837,2.496448,0,0,0,0,0,0
1.0068398055,0.2090570795,0.330322,-0.017257,-0.100029,-0.000085,3,375189,376,376,376,376,-4.288574,10.562674,23.627852,0.011975,-0.015129,-0.030633,2.509813,0,0,0,0,0,0
1.0068398055,0.2090570795,0.330322,-0.017257,-0.100029,-0.000085,3,375198,376,376,376,376,-4.287312,10.537605,23.627064,0.015975,-0.014767,-0.025562,2.514188,0,0,0,0,0,0
1.0068398055,0.2090570795,0.482318,-0.024893,-0.094531,-0.000113,3,375239,376,376,376,376,-4.284675,10.487343,23.625809,0.021742,-0.014628,-0.024676,2.522822,0,0,0,0,0,0
1.0068398055,0.2090570795,0.479925,-0.026725,-0.09163,-0.000113,3,375258,376,376,376,376,-4.282095,10.436906,23.624544,0.022864,-0.020553,-0.024307,2.531303,0,0,0,0,0,0
1.0068398055,0.2090570795,0.400935,-0.03879,-0.091477,-0.000113,3,375278,376,376,376,376,-4.279542,10.386299,23.623331,0.023593,-0.02378,-0.022731,2.539633,0,0,0,0,0,0
1.0068398055,0.2090570795,0.459579,-0.040775,-0.092241,-0.000113,3,375338,376,376,376,376,-4.277054,10.335522,23.622087,0.021684,-0.033377,-0.023869,2.547815,0,0,0,0,0,0
1.0068398055,0.2090570795,0.283646,-0.044746,-0.101251,-0.000113,3,375368,376,376,376,376,-4.274679,10.284577,23.620727,0.014858,-0.042661,-0.027667,2.555852,0,0,0,0,0,0
1.0068398055,0.2090570795,0.209444,-0.043982,-0.100793,-0.000113,3,375378,376,376,376,376,-4.273530,10.259041,23.620015,0.012026,-0.044831,-0.028214,2.559816,0,0,0,0,0,0
1.0068398055,0.2090570795,0.21064,-0.045204,-0.094226,-0.000142,3,375418,376,376,376,376,-4.271265,10.207851,23.618623,0.011381,-0.0461,-0.025137,2.56764,0,0,0,0,0,0
1.0068398055,0.2090570795,0.104123,-0.039706,-0.093615,-0.000142,3,375478,376,376,376,376,-4.269013,10.156505,23.617325,0.007294,-0.045582,-0.026084,2.575324,0,0,0,0,0,0
1.0068398055,0.2090570795,0.086171,-0.043524,-0.096822,-0.000142,3,375508,376,376,376,376,-4.265734,10.079196,23.615405,0.006579,-0.045623,-0.026437,2.586595,0,0,0,0,0,0
1.0068398055,0.2090570795,0.041889,-0.031765,-0.099724,-0.00017,3,375518,376,376,376,376,-4.264689,10.053349,23.614725,0.004661,-0.042427,-0.027291,2.590285,0,0,0,0,0,0
1.0068398055,0.2090570795,0.074203,-0.034208,-0.099418,-0.000226,3,375588,376,376,376,376,-4.262654,10.001542,23.61335,0.005611,-0.03936,-0.026191,2.597567,0,0,0,0,0,0
1.0068398055,0.2090570795,0.02274,-0.000153,-0.094379,-0.000226,3,375658,376,376,376,376,-4.259690,9.923557,23.611347,0.003057,-0.018078,-0.024157,2.608247,0,0,0,0,0,0
1.0068398055,0.2090570795,-0.087368,0.002749,-0.095295,-0.000226,3,375668,376,376,376,376,-4.258710,9.897491,23.610725,-0.0006,-0.013458,-0.026858,2.611744,0,0,0,0,0,0
1.0068398055,0.2090570795,0.025133,0.018326,-0.092546,-0.000226,3,375738,376,376,376,376,-4.255924,9.819079,23.608736,0.00344,0.001743,-0.024682,2.622049,0,0,0,0,0,0
1.0068398055,0.2090570795,0.011968,0.017257,-0.097128,-0.000226,3,375748,376,376,376,376,-4.255013,9.792872,23.608101,0.003083,0.005739,-0.025841,2.625422,0,0,0,0,0,0
1.0068398055,0.2090570795,0.009575,0.018173,-0.098044,-0.000226,3,375798,376,376,376,376,-4.253270,9.740355,23.606761,0.002946,0.010388,-0.026242,2.63208,0,0,0,0,0,0
1.0068398055,0.2090570795,0.068219,0.025809,-0.09728,-0.000226,3,375838,376,376,376,376,-4.251583,9.687703,23.60544,0.005383,0.017891,-0.025695,2.638619,0,0,0,0,0,0
1.0068398055,0.2090570795,0.051463,0.032376,-0.098044,-0.000226,3,375868,376,376,376,376,-4.249970,9.634919,23.604098,0.004797,0.023979,-0.026386,2.645041,0,0,0,0,0,0
1.0068398055,0.2090570795,0.07899,0.037263,-0.098349,-0.000226,3,375878,376,376,376,376,-4.249192,9.608478,23.603419,0.005792,0.027814,-0.025936,2.64821,0,0,0,0,0,0
1.0068398055,0.2090570795,0.095746,0.036346,-0.094837,-0.000226,3,375898,376,376,376,376,-4.247667,9.555500,23.6021,0.006576,0.030874,-0.025413,2.654462,0,0,0,0,0,0
1.0068398055,0.2090570795,0.15798,0.04047,-0.092699,-0.000226,3,375928,376,376,376,376,-4.246182,9.502397,23.600829,0.009146,0.035496,-0.024579,2.660603,0,0,0,0,0,0
1.0068398055,0.2090570795,0.191491,0.047037,-0.092699,-0.000226,3,375938,376,376,376,376,-4.245462,9.475799,23.600196,0.01044,0.039357,-0.024268,2.663633,0,0,0,0,0,0
1.0068398055,0.2090570795,0.228593,0.042455,-0.098197,-0.000226,3,375968,376,376,376,376,-4.244075,9.422511,23.598917,0.010704,0.043021,-0.025775,2.669611,0,0,0,0,0,0
1.0068398055,0.2090570795,0.278859,0.040317,-0.096975,-0.000226,3,375978,376,376,376,376,-4.243417,9.395821,23.598253,0.012102,0.042236,-0.025635,2.67256,0,0,0,0,0,0
1.0068398055,0.2090570795,0.300402,0.039401,-0.095142,-0.000226,3,376008,376,376,376,376,-4.242141,9.342352,23.596948,0.015173,0.040381,-0.024994,2.678379,0,0,0,0,0,0
1.0068398055,0.2090570795,0.313567,0.041997,-0.091019,-0.000226,3,376018,376,376,376,376,-4.241523,9.315573,23.596305,0.015767,0.040805,-0.024369,2.68125,0,0,0,0,0,0
1.0068398055,0.2090570795,0.31237,0.041997,-0.092546,-0.000226,3,376048,376,376,376,376,-4.240324,9.261929,23.595039,0.015853,0.04082,-0.024913,2.686915,0,0,0,0,0,0
1.0068398055,0.2090570795,0.341094,0.040623,-0.094379,-0.000226,3,376078,376,376,376,376,-4.239197,9.208171,23.593759,0.017088,0.040365,-0.025212,2.69248,0,0,0,0,0,0
1.0068398055,0.2090570795,0.298008,0.039554,-0.095295,-0.000226,3,376088,376,376,376,376,-4.238663,9.181250,23.59311,0.015587,0.038964,-0.026304,2.695225,0,0,0,0,0,0
1.0068398055,0.2090570795,0.357849,0.034972,-0.103694,-0.000226,3,376118,376,376,376,376,-4.237669,9.127323,23.591763,0.016034,0.035051,-0.026082,2.700641,0,0,0,0,0,0
1.0068398055,0.2090570795,0.357849,0.034972,-0.103694,-0.000226,3,376128,376,376,376,376,-4.237197,9.100319,23.591092,0.01771,0.035067,-0.026654,2.703314,0,0,0,0,0,0
1.0068398113,0.2090571086,0.347078,0.038637,-0.098349,-0.000226,3,376168,399,399,399,399,-4.743725,10.021839,21.85551,0.017505,0.036667,-0.026522,2.501101,0,0,0,0,0,0
1.0068398113,0.2090571086,0.290827,0.035736,-0.096364,-0.000226,3,376188,399,399,399,399,-4.793237,10.029305,21.85413,0.015102,0.034636,-0.026368,2.509968,0,0,0,0,0,0
1.0068398113,0.2090571086,0.293221,0.038179,-0.094837,-0.000226,3,376228,399,399,399,399,-4.842915,10.036844,21.852789,0.015096,0.035964,-0.025591,2.518677,0,0,0,0,0,0
1.0068398113,0.2090571086,0.451201,0.026114,-0.104153,-0.000226,3,376258,399,399,399,399,-4.892761,10.044438,21.85152,0.018979,0.036178,-0.024638,2.527232,0,0,0,0,0,0
1.0068398113,0.2090571086,0.450004,0.028558,-0.102014,-0.000226,3,376268,399,399,399,399,-4.917743,10.048267,21.850885,0.021494,0.032967,-0.025992,2.531452,0,0,0,0,0,0
1.0068398113,0.2090571086,0.448808,0.028253,-0.105374,-0.000226,3,376298,399,399,399,399,-4.967819,10.056037,21.849524,0.021964,0.030151,-0.027932,2.539779,0,0,0,0,0,0
1.0068398113,0.2090571086,0.479925,0.019548,-0.104763,-0.000226,3,376308,399,399,399,399,-4.992912,10.059975,21.848805,0.023072,0.026557,-0.027538,2.543887,0,0,0,0,0,0
1.0068398113,0.2090571086,0.506255,0.017562,-0.101862,-0.000226,3,376348,399,399,399,399,-5.043214,10.067905,21.847404,0.02432,0.021804,-0.027124,2.551993,0,0,0,0,0,0
1.0068398113,0.2090571086,0.591229,0.008094,-0.094837,-0.000226,3,376378,399,399,399,399,-5.093670,10.075896,21.846067,0.026351,0.016158,-0.024983,2.559956,0,0,0,0,0,0
1.0068398113,0.2090571086,0.591229,0.008094,-0.094837,-0.000226,3,376388,399,399,399,399,-5.118954,10.079913,21.845424,0.02757,0.014387,-0.024705,2.563884,0,0,0,0,0,0
1.0068398113,0.2090571086,0.543356,0.002138,-0.099876,-0.000226,3,376408,399,399,399,399,-5.169628,10.088034,21.844094,0.025917,0.007395,-0.026847,2.571635,0,0,0,0,0,0
1.0068398113,0.2090571086,0.537372,-0.013286,-0.100182,-0.000226,3,376438,399,399,399,399,-5.245894,10.100456,21.841961,0.0253,-0.004263,-0.026217,2.583004,0,0,0,0,0,0
1.0068398113,0.2090571086,0.512239,-0.01237,-0.0956,-0.000226,3,376448,399,399,399,399,-5.271387,10.104627,21.841286,0.024557,-0.006964,-0.026002,2.586726,0,0,0,0,0,0
1.0068398113,0.2090571086,0.473941,-0.012981,-0.102014,-0.000226,3,376468,399,399,399,399,-5.322473,10.113051,21.839907,0.022967,-0.010499,-0.027343,2.594071,0,0,0,0,0,0
1.0068398113,0.2090571086,0.695352,-0.013286,-0.103084,-0.000226,3,376488,399,399,399,399,-5.373697,10.121534,21.838597,0.032144,-0.008101,-0.025932,2.601285,0,0,0,0,0,0
1.0068398113,0.2090571086,0.408116,-0.014355,-0.094073,-0.000226,3,376518,399,399,399,399,-5.450764,10.134516,21.836451,0.020061,-0.013798,-0.025826,2.611867,0,0,0,0,0,0
1.0068398113,0.2090571086,0.428462,-0.014966,-0.092241,-0.000226,3,376528,399,399,399,399,-5.476520,10.138867,21.835786,0.020634,-0.013658,-0.024553,2.615332,0,0,0,0,0,0
1.0068398113,0.2090571086,0.253726,-0.018021,-0.100029,-0.000226,3,376548,399,399,399,399,-5.528121,10.147659,21.834405,0.013626,-0.018905,-0.027607,2.622168,0,0,0,0,0,0
1.0068398113,0.2090571086,0.421281,-0.019242,-0.093921,-0.000226,3,376578,399,399,399,399,-5.579852,10.156506,21.833108,0.020227,-0.017233,-0.024029,2.628883,0,0,0,0,0,0
1.0068398113,0.2090571086,0.353062,-0.017562,-0.102167,-0.000226,3,376588,399,399,399,399,-5.605764,10.160946,21.832489,0.018082,-0.018387,-0.027462,2.632196,0,0,0,0,0,0
1.0068398113,0.2090571086,0.382982,-0.020922,-0.10064,-0.000226,3,376618,399,399,399,399,-5.657667,10.169969,21.831099,0.018935,-0.019808,-0.026633,2.638733,0,0,0,0,0,0
1.0068398113,0.2090571086,0.320748,-0.023824,-0.096364,-0.000226,3,376628,399,399,399,399,-5.683663,10.174510,21.830413,0.016637,-0.022311,-0.026943,2.641958,0,0,0,0,0,0
1.0068398113,0.2090571086,0.390163,-0.028558,-0.090561,-0.000226,3,376658,399,399,399,399,-5.761830,10.188223,21.828453,0.018882,-0.025745,-0.023842,2.65146,0,0,0,0,0,0
1.0068398113,0.2090571086,0.409312,-0.025351,-0.093615,-0.000226,3,376668,399,399,399,399,-5.787945,10.192819,21.82784,0.019727,-0.025074,-0.024183,2.654571,0,0,0,0,0,0
1.0068398113,0.2090571086,0.376998,-0.026878,-0.095448,-0.000226,3,376698,399,399,399,399,-5.840254,10.202099,21.82656,0.018594,-0.026328,-0.025424,2.660711,0,0,0,0,0,0
1.0068398113,0.2090571086,0.398541,-0.034208,-0.090255,-0.000226,3,376708,399,399,399,399,-5.866448,10.206779,21.825905,0.019229,-0.028829,-0.023953,2.663739,0,0,0,0,0,0
1.0068398113,0.2090571086,0.374605,-0.032376,-0.093462,-0.000226,3,376738,399,399,399,399,-5.918921,10.216179,21.824647,0.018417,-0.03103,-0.024833,2.669715,0,0,0,0,0,0
1.0068398113,0.2090571086,0.313567,-0.038485,-0.09331,-0.000226,3,376778,399,399,399,399,-5.971496,10.225688,21.823343,0.015837,-0.036459,-0.025107,2.675586,0,0,0,0,0,0
1.0068398113,0.2090571086,0.265694,-0.037721,-0.095753,-0.000226,3,376798,399,399,399,399,-6.024172,10.235293,21.822025,0.01383,-0.038339,-0.025631,2.681351,0,0,0,0,0,0
1.0068398113,0.2090571086,0.270481,-0.038485,-0.096364,-0.000226,3,376808,399,399,399,399,-6.050548,10.240129,21.821365,0.013958,-0.038757,-0.025449,2.684196,0,0,0,0,0,0
1.0068398113,0.2090571086,0.234577,-0.040164,-0.099571,-0.000226,3,376868,399,399,399,399,-6.103372,10.249879,21.820022,0.012555,-0.040984,-0.026495,2.689808,0,0,0,0,0,0
1.0068398113,0.2090571086,0.193885,-0.033292,-0.094531,-0.000226,3,376898,399,399,399,399,-6.156292,10.259725,21.818668,0.010741,-0.037676,-0.02538,2.695321,0,0,0,0,0,0
1.0068398113,0.2090571086,0.125666,-0.034667,-0.093921,-0.000226,3,376908,399,399,399,399,-6.182789,10.264671,21.818015,0.008214,-0.038386,-0.02619,2.698041,0,0,0,0,0,0
1.0068398113,0.2090571086,0.142422,-0.029627,-0.093157,-0.000226,3,376958,399,399,399,399,-6.262426,10.279623,21.816089,0.008385,-0.035337,-0.024435,2.706055,0,0,0,0,0,0
1.0068398113,0.2090571086,0.155587,-0.033598,-0.092546,-0.000226,3,376988,399,399,399,399,-6.315634,10.289683,21.814836,0.008936,-0.035615,-0.02439,2.711279,0,0,0,0,0,0
1.0068398113,0.2090571086,0.265694,-0.031765,-0.092088,-0.000226,3,376998,399,399,399,399,-6.342272,10.294745,21.814208,0.012909,-0.033183,-0.022442,2.713856,0,0,0,0,0,0
1.0068398113,0.2090571086,0.258513,-0.039095,-0.086285,-0.000226,3,377038,399,399,399,399,-6.395622,10.304888,21.813044,0.015003,-0.032599,-0.023572,2.718942,0,0,0,0,0,0
1.0068398113,0.2090571086,0.163964,-0.04215,-0.08491,-0.000226,3,377068,399,399,399,399,-6.449055,10.315137,21.811827,0.009834,-0.040181,-0.024511,2.723937,0,0,0,0,0,0
1.0068398113,0.2090571086,0.005984,-0.035736,-0.083536,-0.000226,3,377108,399,399,399,399,-6.502567,10.325506,21.810535,0.002573,-0.0411,-0.023388,2.728843,0,0,0,0,0,0
1.0068398113,0.2090571086,-0.163964,-0.029016,-0.082009,-0.000226,3,377128,399,399,399,399,-6.556165,10.335941,21.809286,-0.00475,-0.038581,-0.02297,2.733663,0,0,0,0,0,0
1.0068398113,0.2090571348,0.114895,-0.02642,-0.085827,-0.000226,3,377198,423,423,423,423,-5.452712,10.602582,20.142413,0.006663,-0.030281,-0.020873,2.508565,0,0,0,0,0,0
1.0068398113,0.2090571348,0.011968,-0.016035,-0.098502,-0.000226,3,377218,423,423,423,423,-5.438340,10.650700,20.141195,0.003082,-0.025093,-0.026416,2.517299,0,0,0,0,0,0
1.0068398113,0.2090571348,0.061038,-0.012675,-0.087354,-0.000226,3,377248,423,423,423,423,-5.423829,10.698959,20.139918,0.004784,-0.019018,-0.023118,2.525878,0,0,0,0,0,0
1.0068398113,0.2090571348,0.216624,-0.01909,-0.101098,-0.000226,3,377308,423,423,423,423,-5.409285,10.747385,20.138793,0.010759,-0.015853,-0.023142,2.534305,0,0,0,0,0,0
1.0068398113,0.2090571348,0.185507,-0.022602,-0.097433,-0.000226,3,377328,423,423,423,423,-5.401959,10.771648,20.138197,0.011575,-0.017864,-0.025604,2.538462,0,0,0,0,0,0
1.0068398113,0.2090571348,0.201066,-0.02306,-0.099876,-0.000226,3,377338,423,423,423,423,-5.387159,10.820260,20.136861,0.011014,-0.02255,-0.026249,2.546664,0,0,0,0,0,0
1.0068398113,0.2090571348,0.148406,-0.017104,-0.096975,-0.000226,3,377368,423,423,423,423,-5.372238,10.869005,20.135505,0.009194,-0.022763,-0.026822,2.554721,0,0,0,0,0,0
